node,ref,head_voc,text,sentence,link
653565,Gen 8:5,עֲשִׂירִי,בָּֽעֲשִׂירִי֙ ,בָּֽעֲשִׂירִי֙ בְּאֶחָ֣ד לַחֹ֔דֶשׁ נִרְא֖וּ רָאשֵׁ֥י הֶֽהָרִֽים׃ ,https://shebanq.ancient-data.org/hebrew/text?book=Genesis&chapter=8&verse=5&version=c&mr=m&qw=q&tp=txt_p&tr=hb&wget=v&qget=v&nget=vt
653660,Gen 8:13,רִאשֹׁון,בָּֽרִאשֹׁון֙ ,בְּאַחַ֨ת וְשֵׁשׁ־מֵאֹ֜ות שָׁנָ֗ה בָּֽרִאשֹׁון֙ בְּאֶחָ֣ד לַחֹ֔דֶשׁ חָֽרְב֥וּ הַמַּ֖יִם מֵעַ֣ל הָאָ֑רֶץ ,https://shebanq.ancient-data.org/hebrew/text?book=Genesis&chapter=8&verse=13&version=c&mr=m&qw=q&tp=txt_p&tr=hb&wget=v&qget=v&nget=vt
654023,Gen 9:28,מַבּוּל,אַחַ֣ר הַמַּבּ֑וּל ,וַֽיְחִי־נֹ֖חַ אַחַ֣ר הַמַּבּ֑וּל שְׁלֹ֤שׁ מֵאֹות֙ שָׁנָ֔ה וַֽחֲמִשִּׁ֖ים שָׁנָֽה׃ ,https://shebanq.ancient-data.org/hebrew/text?book=Genesis&chapter=9&verse=28&version=c&mr=m&qw=q&tp=txt_p&tr=hb&wget=v&qget=v&nget=vt
654038,Gen 10:1,מַבּוּל,אַחַ֥ר הַמַּבּֽוּל׃ ,וַיִּוָּלְד֥וּ לָהֶ֛ם בָּנִ֖ים אַחַ֥ר הַמַּבּֽוּל׃ ,https://shebanq.ancient-data.org/hebrew/text?book=Genesis&chapter=10&verse=1&version=c&mr=m&qw=q&tp=txt_p&tr=hb&wget=v&qget=v&nget=vt
654202,Gen 10:32,מַבּוּל,אַחַ֥ר הַמַּבּֽוּל׃ פ ,וּמֵאֵ֜לֶּה נִפְרְד֧וּ הַגֹּויִ֛ם בָּאָ֖רֶץ אַחַ֥ר הַמַּבּֽוּל׃ פ ,https://shebanq.ancient-data.org/hebrew/text?book=Genesis&chapter=10&verse=32&version=c&mr=m&qw=q&tp=txt_p&tr=hb&wget=v&qget=v&nget=vt
654786,Gen 13:3,תְּחִלָּה,בַּתְּחִלָּ֔ה ,וַיֵּ֨לֶךְ֙ לְמַסָּעָ֔יו מִנֶּ֖גֶב וְעַד־בֵּֽית־אֵ֑ל עַד־הַמָּקֹ֗ום אֲשֶׁר־הָ֨יָה שָׁ֤ם אָֽהֳלֹו֙ בַּתְּחִלָּ֔ה בֵּ֥ין בֵּֽית־אֵ֖ל וּבֵ֥ין הָעָֽי׃ אֶל־מְקֹום֙ הַמִּזְבֵּ֔חַ אֲשֶׁר־עָ֥שָׂה שָׁ֖ם בָּרִאשֹׁנָ֑ה ,https://shebanq.ancient-data.org/hebrew/text?book=Genesis&chapter=13&verse=3&version=c&mr=m&qw=q&tp=txt_p&tr=hb&wget=v&qget=v&nget=vt
654792,Gen 13:4,רִאשֹׁון,בָּרִאשֹׁנָ֑ה ,וַיֵּ֨לֶךְ֙ לְמַסָּעָ֔יו מִנֶּ֖גֶב וְעַד־בֵּֽית־אֵ֑ל עַד־הַמָּקֹ֗ום אֲשֶׁר־הָ֨יָה שָׁ֤ם אָֽהֳלֹו֙ בַּתְּחִלָּ֔ה בֵּ֥ין בֵּֽית־אֵ֖ל וּבֵ֥ין הָעָֽי׃ אֶל־מְקֹום֙ הַמִּזְבֵּ֔חַ אֲשֶׁר־עָ֥שָׂה שָׁ֖ם בָּרִאשֹׁנָ֑ה ,https://shebanq.ancient-data.org/hebrew/text?book=Genesis&chapter=13&verse=4&version=c&mr=m&qw=q&tp=txt_p&tr=hb&wget=v&qget=v&nget=vt
656057,Gen 18:14,מֹועֵד,לַמֹּועֵ֞ד ,לַמֹּועֵ֞ד אָשׁ֥וּב אֵלֶ֛יךָ כָּעֵ֥ת חַיָּ֖ה ,https://shebanq.ancient-data.org/hebrew/text?book=Genesis&chapter=18&verse=14&version=c&mr=m&qw=q&tp=txt_p&tr=hb&wget=v&qget=v&nget=vt
656330,Gen 19:1,עֶרֶב,בָּעֶ֔רֶב ,וַ֠יָּבֹאוּ שְׁנֵ֨י הַמַּלְאָכִ֤ים סְדֹ֨מָה֙ בָּעֶ֔רֶב ,https://shebanq.ancient-data.org/hebrew/text?book=Genesis&chapter=19&verse=1&version=c&mr=m&qw=q&tp=txt_p&tr=hb&wget=v&qget=v&nget=vt
656775,Gen 19:33,לַיְלָה,בַּלַּ֣יְלָה ה֑וּא ,וַתַּשְׁקֶ֧יןָ אֶת־אֲבִיהֶ֛ן יַ֖יִן בַּלַּ֣יְלָה ה֑וּא ,https://shebanq.ancient-data.org/hebrew/text?book=Genesis&chapter=19&verse=33&version=c&mr=m&qw=q&tp=txt_p&tr=hb&wget=v&qget=v&nget=vt
656841,Gen 19:37,יֹום,עַד־הַיֹּֽום׃ ,ה֥וּא אֲבִֽי־מֹואָ֖ב עַד־הַיֹּֽום׃ ,https://shebanq.ancient-data.org/hebrew/text?book=Genesis&chapter=19&verse=37&version=c&mr=m&qw=q&tp=txt_p&tr=hb&wget=v&qget=v&nget=vt
656852,Gen 19:38,יֹום,עַד־הַיֹּֽום׃ ס ,ה֛וּא אֲבִ֥י בְנֵֽי־עַמֹּ֖ון עַד־הַיֹּֽום׃ ס ,https://shebanq.ancient-data.org/hebrew/text?book=Genesis&chapter=19&verse=38&version=c&mr=m&qw=q&tp=txt_p&tr=hb&wget=v&qget=v&nget=vt
656967,Gen 20:8,בֹּקֶר,בַּבֹּ֗קֶר ,וַיַּשְׁכֵּ֨ם אֲבִימֶ֜לֶךְ בַּבֹּ֗קֶר ,https://shebanq.ancient-data.org/hebrew/text?book=Genesis&chapter=20&verse=8&version=c&mr=m&qw=q&tp=txt_p&tr=hb&wget=v&qget=v&nget=vt
657252,Gen 21:14,בֹּקֶר,בַּבֹּ֡קֶר ,וַיַּשְׁכֵּ֣ם אַבְרָהָ֣ם׀ בַּבֹּ֡קֶר ,https://shebanq.ancient-data.org/hebrew/text?book=Genesis&chapter=21&verse=14&version=c&mr=m&qw=q&tp=txt_p&tr=hb&wget=v&qget=v&nget=vt
657431,Gen 21:26,יֹום,בִּלְתִּ֥י הַיֹּֽום׃ ,וְגַ֧ם אָנֹכִ֛י לֹ֥א שָׁמַ֖עְתִּי בִּלְתִּ֥י הַיֹּֽום׃ ,https://shebanq.ancient-data.org/hebrew/text?book=Genesis&chapter=21&verse=26&version=c&mr=m&qw=q&tp=txt_p&tr=hb&wget=v&qget=v&nget=vt
657537,Gen 22:3,בֹּקֶר,בַּבֹּ֗קֶר ,וַיַּשְׁכֵּ֨ם אַבְרָהָ֜ם בַּבֹּ֗קֶר ,https://shebanq.ancient-data.org/hebrew/text?book=Genesis&chapter=22&verse=3&version=c&mr=m&qw=q&tp=txt_p&tr=hb&wget=v&qget=v&nget=vt
658731,Gen 24:54,בֹּקֶר,בַבֹּ֔קֶר ,וַיָּק֣וּמוּ בַבֹּ֔קֶר ,https://shebanq.ancient-data.org/hebrew/text?book=Genesis&chapter=24&verse=54&version=c&mr=m&qw=q&tp=txt_p&tr=hb&wget=v&qget=v&nget=vt
659171,Gen 25:31,יֹום,כַיֹּ֛ום ,מִכְרָ֥ה כַיֹּ֛ום אֶת־בְּכֹֽרָתְךָ֖ לִֽי׃ ,https://shebanq.ancient-data.org/hebrew/text?book=Genesis&chapter=25&verse=31&version=c&mr=m&qw=q&tp=txt_p&tr=hb&wget=v&qget=v&nget=vt
659190,Gen 25:33,יֹום,כַּיֹּ֔ום ,הִשָּׁ֤בְעָה לִּי֙ כַּיֹּ֔ום ,https://shebanq.ancient-data.org/hebrew/text?book=Genesis&chapter=25&verse=33&version=c&mr=m&qw=q&tp=txt_p&tr=hb&wget=v&qget=v&nget=vt
659610,Gen 26:31,בֹּקֶר,בַבֹּ֔קֶר ,וַיַּשְׁכִּ֣ימוּ בַבֹּ֔קֶר ,https://shebanq.ancient-data.org/hebrew/text?book=Genesis&chapter=26&verse=31&version=c&mr=m&qw=q&tp=txt_p&tr=hb&wget=v&qget=v&nget=vt
660516,Gen 28:18,בֹּקֶר,בַּבֹּ֗קֶר ,וַיַּשְׁכֵּ֨ם יַעֲקֹ֜ב בַּבֹּ֗קֶר ,https://shebanq.ancient-data.org/hebrew/text?book=Genesis&chapter=28&verse=18&version=c&mr=m&qw=q&tp=txt_p&tr=hb&wget=v&qget=v&nget=vt
660539,Gen 28:19,רִאשֹׁון,לָרִאשֹׁנָֽה׃ ,וְאוּלָ֛ם ל֥וּז שֵׁם־הָעִ֖יר לָרִאשֹׁנָֽה׃ ,https://shebanq.ancient-data.org/hebrew/text?book=Genesis&chapter=28&verse=19&version=c&mr=m&qw=q&tp=txt_p&tr=hb&wget=v&qget=v&nget=vt
660858,Gen 29:23,עֶרֶב,בָעֶ֔רֶב ,וַיְהִ֣י בָעֶ֔רֶב ,https://shebanq.ancient-data.org/hebrew/text?book=Genesis&chapter=29&verse=23&version=c&mr=m&qw=q&tp=txt_p&tr=hb&wget=v&qget=v&nget=vt
660878,Gen 29:25,בֹּקֶר,בַבֹּ֔קֶר ,וַיְהִ֣י בַבֹּ֔קֶר ,https://shebanq.ancient-data.org/hebrew/text?book=Genesis&chapter=29&verse=25&version=c&mr=m&qw=q&tp=txt_p&tr=hb&wget=v&qget=v&nget=vt
661231,Gen 30:16,עֶרֶב,בָּעֶרֶב֒ ,וַיָּבֹ֨א יַעֲקֹ֣ב מִן־הַשָּׂדֶה֮ בָּעֶרֶב֒ ,https://shebanq.ancient-data.org/hebrew/text?book=Genesis&chapter=30&verse=16&version=c&mr=m&qw=q&tp=txt_p&tr=hb&wget=v&qget=v&nget=vt
661247,Gen 30:16,לַיְלָה,בַּלַּ֥יְלָה ,וַיִּשְׁכַּ֥ב עִמָּ֖הּ בַּלַּ֥יְלָה הֽוּא׃ ,https://shebanq.ancient-data.org/hebrew/text?book=Genesis&chapter=30&verse=16&version=c&mr=m&qw=q&tp=txt_p&tr=hb&wget=v&qget=v&nget=vt
662076,Gen 31:40,יֹום,בַיֹּ֛ום ,בַיֹּ֛ום אֲכָלַ֥נִי חֹ֖רֶב וְקֶ֣רַח בַּלָּ֑יְלָה ,https://shebanq.ancient-data.org/hebrew/text?book=Genesis&chapter=31&verse=40&version=c&mr=m&qw=q&tp=txt_p&tr=hb&wget=v&qget=v&nget=vt
662081,Gen 31:40,לַיְלָה,בַּלָּ֑יְלָה ,בַיֹּ֛ום אֲכָלַ֥נִי חֹ֖רֶב וְקֶ֣רַח בַּלָּ֑יְלָה ,https://shebanq.ancient-data.org/hebrew/text?book=Genesis&chapter=31&verse=40&version=c&mr=m&qw=q&tp=txt_p&tr=hb&wget=v&qget=v&nget=vt
662279,Gen 32:1,בֹּקֶר,בַּבֹּ֗קֶר ,וַיַּשְׁכֵּ֨ם לָבָ֜ן בַּבֹּ֗קֶר ,https://shebanq.ancient-data.org/hebrew/text?book=Genesis&chapter=32&verse=1&version=c&mr=m&qw=q&tp=txt_p&tr=hb&wget=v&qget=v&nget=vt
662534,Gen 32:23,לַיְלָה,בַּלַּ֣יְלָה ,וַיָּ֣קָם׀ בַּלַּ֣יְלָה ה֗וּא ,https://shebanq.ancient-data.org/hebrew/text?book=Genesis&chapter=32&verse=23&version=c&mr=m&qw=q&tp=txt_p&tr=hb&wget=v&qget=v&nget=vt
663544,Gen 35:20,יֹום,עַד־הַיֹּֽום׃ ,הִ֛וא מַצֶּ֥בֶת קְבֻֽרַת־רָחֵ֖ל עַד־הַיֹּֽום׃ ,https://shebanq.ancient-data.org/hebrew/text?book=Genesis&chapter=35&verse=20&version=c&mr=m&qw=q&tp=txt_p&tr=hb&wget=v&qget=v&nget=vt
665195,Gen 40:6,בֹּקֶר,בַּבֹּ֑קֶר ,וַיָּבֹ֧א אֲלֵיהֶ֛ם יֹוסֵ֖ף בַּבֹּ֑קֶר ,https://shebanq.ancient-data.org/hebrew/text?book=Genesis&chapter=40&verse=6&version=c&mr=m&qw=q&tp=txt_p&tr=hb&wget=v&qget=v&nget=vt
665468,Gen 41:8,בֹּקֶר,בַבֹּ֨קֶר֙ ,וַיְהִ֤י בַבֹּ֨קֶר֙ ,https://shebanq.ancient-data.org/hebrew/text?book=Genesis&chapter=41&verse=8&version=c&mr=m&qw=q&tp=txt_p&tr=hb&wget=v&qget=v&nget=vt
666783,Gen 43:16,צָהֳרַיִם,בַּֽצָּהֳרָֽיִם׃ ,כִּ֥י אִתִּ֛י יֹאכְל֥וּ הָאֲנָשִׁ֖ים בַּֽצָּהֳרָֽיִם׃ ,https://shebanq.ancient-data.org/hebrew/text?book=Genesis&chapter=43&verse=16&version=c&mr=m&qw=q&tp=txt_p&tr=hb&wget=v&qget=v&nget=vt
666905,Gen 43:25,צָהֳרַיִם,בַּֽצָּהֳרָ֑יִם ,וַיָּכִ֨ינוּ֙ אֶת־הַמִּנְחָ֔ה עַד־בֹּ֥וא יֹוסֵ֖ף בַּֽצָּהֳרָ֑יִם ,https://shebanq.ancient-data.org/hebrew/text?book=Genesis&chapter=43&verse=25&version=c&mr=m&qw=q&tp=txt_p&tr=hb&wget=v&qget=v&nget=vt
668462,Gen 47:24,תְּבוּאָה,בַּתְּבוּאֹ֔ת ,וְהָיָה֙ בַּתְּבוּאֹ֔ת ,https://shebanq.ancient-data.org/hebrew/text?book=Genesis&chapter=47&verse=24&version=c&mr=m&qw=q&tp=txt_p&tr=hb&wget=v&qget=v&nget=vt
668907,Gen 49:1,יֹום,בְּאַחֲרִ֥ית הַיָּמִֽים׃ ,וְאַגִּ֣ידָה לָכֶ֔ם אֵ֛ת אֲשֶׁר־יִקְרָ֥א אֶתְכֶ֖ם בְּאַחֲרִ֥ית הַיָּמִֽים׃ ,https://shebanq.ancient-data.org/hebrew/text?book=Genesis&chapter=49&verse=1&version=c&mr=m&qw=q&tp=txt_p&tr=hb&wget=v&qget=v&nget=vt
669125,Gen 49:27,בֹּקֶר,בַּבֹּ֖קֶר ,בַּבֹּ֖קֶר יֹ֣אכַל עַ֑ד ,https://shebanq.ancient-data.org/hebrew/text?book=Genesis&chapter=49&verse=27&version=c&mr=m&qw=q&tp=txt_p&tr=hb&wget=v&qget=v&nget=vt
669129,Gen 49:27,עֶרֶב,לָעֶ֖רֶב ,וְלָעֶ֖רֶב יְחַלֵּ֥ק שָׁלָֽל׃ ,https://shebanq.ancient-data.org/hebrew/text?book=Genesis&chapter=49&verse=27&version=c&mr=m&qw=q&tp=txt_p&tr=hb&wget=v&qget=v&nget=vt
671576,Exod 7:15,בֹּקֶר,בַּבֹּ֗קֶר ,לֵ֣ךְ אֶל־פַּרְעֹ֞ה בַּבֹּ֗קֶר ,https://shebanq.ancient-data.org/hebrew/text?book=Exodus&chapter=7&verse=15&version=c&mr=m&qw=q&tp=txt_p&tr=hb&wget=v&qget=v&nget=vt
671979,Exod 8:16,בֹּקֶר,בַּבֹּ֨קֶר֙ ,הַשְׁכֵּ֤ם בַּבֹּ֨קֶר֙ ,https://shebanq.ancient-data.org/hebrew/text?book=Exodus&chapter=8&verse=16&version=c&mr=m&qw=q&tp=txt_p&tr=hb&wget=v&qget=v&nget=vt
673181,Exod 12:6,עֶרֶב,בֵּ֥ין הָעַרְבָּֽיִם׃ ,וְשָׁחֲט֣וּ אֹתֹ֗ו כֹּ֛ל קְהַ֥ל עֲדַֽת־יִשְׂרָאֵ֖ל בֵּ֥ין הָעַרְבָּֽיִם׃ ,https://shebanq.ancient-data.org/hebrew/text?book=Exodus&chapter=12&verse=6&version=c&mr=m&qw=q&tp=txt_p&tr=hb&wget=v&qget=v&nget=vt
673339,Exod 12:18,חֹדֶשׁ,לַחֹ֨דֶשׁ֙ ,בָּרִאשֹׁ֡ן בְּאַרְבָּעָה֩ עָשָׂ֨ר יֹ֤ום לַחֹ֨דֶשׁ֙ בָּעֶ֔רֶב תֹּאכְל֖וּ מַצֹּ֑ת עַ֠ד יֹ֣ום הָאֶחָ֧ד וְעֶשְׂרִ֛ים לַחֹ֖דֶשׁ בָּעָֽרֶב׃ ,https://shebanq.ancient-data.org/hebrew/text?book=Exodus&chapter=12&verse=18&version=c&mr=m&qw=q&tp=txt_p&tr=hb&wget=v&qget=v&nget=vt
673344,Exod 12:18,חֹדֶשׁ,לַחֹ֖דֶשׁ ,בָּרִאשֹׁ֡ן בְּאַרְבָּעָה֩ עָשָׂ֨ר יֹ֤ום לַחֹ֨דֶשׁ֙ בָּעֶ֔רֶב תֹּאכְל֖וּ מַצֹּ֑ת עַ֠ד יֹ֣ום הָאֶחָ֧ד וְעֶשְׂרִ֛ים לַחֹ֖דֶשׁ בָּעָֽרֶב׃ ,https://shebanq.ancient-data.org/hebrew/text?book=Exodus&chapter=12&verse=18&version=c&mr=m&qw=q&tp=txt_p&tr=hb&wget=v&qget=v&nget=vt
674777,Exod 16:8,עֶרֶב,בָּעֶ֜רֶב ,בְּתֵ֣ת יְהוָה֩ לָכֶ֨ם בָּעֶ֜רֶב בָּשָׂ֣ר לֶאֱכֹ֗ל וְלֶ֤חֶם בַּבֹּ֨קֶר֙ לִשְׂבֹּ֔עַ בִּשְׁמֹ֤עַ יְהוָה֙ אֶת־תְּלֻנֹּ֣תֵיכֶ֔ם אֲשֶׁר־אַתֶּ֥ם מַלִּינִ֖ם עָלָ֑יו ,https://shebanq.ancient-data.org/hebrew/text?book=Exodus&chapter=16&verse=8&version=c&mr=m&qw=q&tp=txt_p&tr=hb&wget=v&qget=v&nget=vt
674782,Exod 16:8,בֹּקֶר,בַּבֹּ֨קֶר֙ ,בְּתֵ֣ת יְהוָה֩ לָכֶ֨ם בָּעֶ֜רֶב בָּשָׂ֣ר לֶאֱכֹ֗ל וְלֶ֤חֶם בַּבֹּ֨קֶר֙ לִשְׂבֹּ֔עַ בִּשְׁמֹ֤עַ יְהוָה֙ אֶת־תְּלֻנֹּ֣תֵיכֶ֔ם אֲשֶׁר־אַתֶּ֥ם מַלִּינִ֖ם עָלָ֑יו ,https://shebanq.ancient-data.org/hebrew/text?book=Exodus&chapter=16&verse=8&version=c&mr=m&qw=q&tp=txt_p&tr=hb&wget=v&qget=v&nget=vt
674833,Exod 16:12,עֶרֶב,בֵּ֤ין הָֽעַרְבַּ֨יִם֙ ,בֵּ֤ין הָֽעַרְבַּ֨יִם֙ תֹּאכְל֣וּ בָשָׂ֔ר ,https://shebanq.ancient-data.org/hebrew/text?book=Exodus&chapter=16&verse=12&version=c&mr=m&qw=q&tp=txt_p&tr=hb&wget=v&qget=v&nget=vt
674837,Exod 16:12,בֹּקֶר,בַבֹּ֖קֶר ,וּבַבֹּ֖קֶר תִּשְׂבְּעוּ־לָ֑חֶם ,https://shebanq.ancient-data.org/hebrew/text?book=Exodus&chapter=16&verse=12&version=c&mr=m&qw=q&tp=txt_p&tr=hb&wget=v&qget=v&nget=vt
674847,Exod 16:13,עֶרֶב,בָעֶ֔רֶב ,וַיְהִ֣י בָעֶ֔רֶב ,https://shebanq.ancient-data.org/hebrew/text?book=Exodus&chapter=16&verse=13&version=c&mr=m&qw=q&tp=txt_p&tr=hb&wget=v&qget=v&nget=vt
674855,Exod 16:13,בֹּקֶר,בַבֹּ֗קֶר ,וּבַבֹּ֗קֶר הָֽיְתָה֙ שִׁכְבַ֣ת הַטַּ֔ל סָבִ֖יב לַֽמַּחֲנֶֽה׃ ,https://shebanq.ancient-data.org/hebrew/text?book=Exodus&chapter=16&verse=13&version=c&mr=m&qw=q&tp=txt_p&tr=hb&wget=v&qget=v&nget=vt
675006,Exod 16:23,בֹּקֶר,עַד־הַבֹּֽקֶר׃ ,וְאֵת֙ כָּל־הָ֣עֹדֵ֔ף הַנִּ֧יחוּ לָכֶ֛ם לְמִשְׁמֶ֖רֶת עַד־הַבֹּֽקֶר׃ ,https://shebanq.ancient-data.org/hebrew/text?book=Exodus&chapter=16&verse=23&version=c&mr=m&qw=q&tp=txt_p&tr=hb&wget=v&qget=v&nget=vt
675010,Exod 16:24,בֹּקֶר,עַד־הַבֹּ֔קֶר ,וַיַּנִּ֤יחוּ אֹתֹו֙ עַד־הַבֹּ֔קֶר כַּאֲשֶׁ֖ר צִוָּ֣ה מֹשֶׁ֑ה ,https://shebanq.ancient-data.org/hebrew/text?book=Exodus&chapter=16&verse=24&version=c&mr=m&qw=q&tp=txt_p&tr=hb&wget=v&qget=v&nget=vt
676319,Exod 21:2,שְׁבִיעִי,בַ֨שְּׁבִעִ֔ת ,וּבַ֨שְּׁבִעִ֔ת יֵצֵ֥א לַֽחָפְשִׁ֖י חִנָּֽם׃ ,https://shebanq.ancient-data.org/hebrew/text?book=Exodus&chapter=21&verse=2&version=c&mr=m&qw=q&tp=txt_p&tr=hb&wget=v&qget=v&nget=vt
677180,Exod 23:14,שָׁנָה,בַּשָּׁנָֽה׃ ,שָׁלֹ֣שׁ רְגָלִ֔ים תָּחֹ֥ג לִ֖י בַּשָּׁנָֽה׃ ,https://shebanq.ancient-data.org/hebrew/text?book=Exodus&chapter=23&verse=14&version=c&mr=m&qw=q&tp=txt_p&tr=hb&wget=v&qget=v&nget=vt
677434,Exod 24:4,בֹּקֶר,בַּבֹּ֔קֶר ,וַיַּשְׁכֵּ֣ם בַּבֹּ֔קֶר ,https://shebanq.ancient-data.org/hebrew/text?book=Exodus&chapter=24&verse=4&version=c&mr=m&qw=q&tp=txt_p&tr=hb&wget=v&qget=v&nget=vt
679163,Exod 29:34,בֹּקֶר,עַד־הַבֹּ֑קֶר ,וְֽאִם־יִוָּתֵ֞ר מִבְּשַׂ֧ר הַמִּלֻּאִ֛ים וּמִן־הַלֶּ֖חֶם עַד־הַבֹּ֑קֶר ,https://shebanq.ancient-data.org/hebrew/text?book=Exodus&chapter=29&verse=34&version=c&mr=m&qw=q&tp=txt_p&tr=hb&wget=v&qget=v&nget=vt
679187,Exod 29:36,יֹום,לַיֹּום֙ ,וּפַ֨ר חַטָּ֜את תַּעֲשֶׂ֤ה לַיֹּום֙ עַל־הַכִּפֻּרִ֔ים ,https://shebanq.ancient-data.org/hebrew/text?book=Exodus&chapter=29&verse=36&version=c&mr=m&qw=q&tp=txt_p&tr=hb&wget=v&qget=v&nget=vt
679219,Exod 29:38,יֹום,לַיֹּ֖ום ,וְזֶ֕ה אֲשֶׁ֥ר תַּעֲשֶׂ֖ה עַל־הַמִּזְבֵּ֑חַ כְּבָשִׂ֧ים בְּנֵֽי־שָׁנָ֛ה שְׁנַ֥יִם לַיֹּ֖ום תָּמִֽיד׃ ,https://shebanq.ancient-data.org/hebrew/text?book=Exodus&chapter=29&verse=38&version=c&mr=m&qw=q&tp=txt_p&tr=hb&wget=v&qget=v&nget=vt
679223,Exod 29:39,בֹּקֶר,בַבֹּ֑קֶר ,אֶת־הַכֶּ֥בֶשׂ הָאֶחָ֖ד תַּעֲשֶׂ֣ה בַבֹּ֑קֶר וְעִשָּׂרֹ֨ן סֹ֜לֶת בָּל֨וּל בְּשֶׁ֤מֶן כָּתִית֙ רֶ֣בַע הַהִ֔ין וְנֵ֕סֶךְ רְבִעִ֥ית הַהִ֖ין יָ֑יִן לַכֶּ֖בֶשׂ הָאֶחָֽד׃ ,https://shebanq.ancient-data.org/hebrew/text?book=Exodus&chapter=29&verse=39&version=c&mr=m&qw=q&tp=txt_p&tr=hb&wget=v&qget=v&nget=vt
679227,Exod 29:39,עֶרֶב,בֵּ֥ין הָעַרְבָּֽיִם׃ ,וְאֵת֙ הַכֶּ֣בֶשׂ הַשֵּׁנִ֔י תַּעֲשֶׂ֖ה בֵּ֥ין הָעַרְבָּֽיִם׃ ,https://shebanq.ancient-data.org/hebrew/text?book=Exodus&chapter=29&verse=39&version=c&mr=m&qw=q&tp=txt_p&tr=hb&wget=v&qget=v&nget=vt
679236,Exod 29:41,עֶרֶב,בֵּ֣ין הָעַרְבָּ֑יִם ,וְאֵת֙ הַכֶּ֣בֶשׂ הַשֵּׁנִ֔י תַּעֲשֶׂ֖ה בֵּ֣ין הָעַרְבָּ֑יִם ,https://shebanq.ancient-data.org/hebrew/text?book=Exodus&chapter=29&verse=41&version=c&mr=m&qw=q&tp=txt_p&tr=hb&wget=v&qget=v&nget=vt
679361,Exod 30:8,עֶרֶב,בֵּ֥ין הָעֲרְבַּ֖יִם ,בְהַעֲלֹ֨ת אַהֲרֹ֧ן אֶת־הַנֵּרֹ֛ת בֵּ֥ין הָעֲרְבַּ֖יִם יַקְטִירֶ֑נָּה ,https://shebanq.ancient-data.org/hebrew/text?book=Exodus&chapter=30&verse=8&version=c&mr=m&qw=q&tp=txt_p&tr=hb&wget=v&qget=v&nget=vt
680643,Exod 34:2,בֹּקֶר,לַבֹּ֑קֶר ,וֶהְיֵ֥ה נָכֹ֖ון לַבֹּ֑קֶר ,https://shebanq.ancient-data.org/hebrew/text?book=Exodus&chapter=34&verse=2&version=c&mr=m&qw=q&tp=txt_p&tr=hb&wget=v&qget=v&nget=vt
680646,Exod 34:2,בֹּקֶר,בַבֹּ֨קֶר֙ ,וְעָלִ֤יתָ בַבֹּ֨קֶר֙ אֶל־הַ֣ר סִינַ֔י ,https://shebanq.ancient-data.org/hebrew/text?book=Exodus&chapter=34&verse=2&version=c&mr=m&qw=q&tp=txt_p&tr=hb&wget=v&qget=v&nget=vt
680674,Exod 34:4,בֹּקֶר,בַבֹּ֨קֶר֙ ,וַיַּשְׁכֵּ֨ם מֹשֶׁ֤ה בַבֹּ֨קֶר֙ ,https://shebanq.ancient-data.org/hebrew/text?book=Exodus&chapter=34&verse=4&version=c&mr=m&qw=q&tp=txt_p&tr=hb&wget=v&qget=v&nget=vt
684085,Lev 6:2,בֹּקֶר,עַד־הַבֹּ֔קֶר ,עַל֩ מֹוקְדָ֨ה עַל־הַמִּזְבֵּ֤חַ כָּל־הַלַּ֨יְלָה֙ עַד־הַבֹּ֔קֶר ,https://shebanq.ancient-data.org/hebrew/text?book=Leviticus&chapter=6&verse=2&version=c&mr=m&qw=q&tp=txt_p&tr=hb&wget=v&qget=v&nget=vt
685752,Lev 11:24,עֶרֶב,עַד־הָעָֽרֶב׃ ,כָּל־הַנֹּגֵ֥עַ בְּנִבְלָתָ֖ם יִטְמָ֥א עַד־הָעָֽרֶב׃ ,https://shebanq.ancient-data.org/hebrew/text?book=Leviticus&chapter=11&verse=24&version=c&mr=m&qw=q&tp=txt_p&tr=hb&wget=v&qget=v&nget=vt
685762,Lev 11:25,עֶרֶב,עַד־הָעָֽרֶב׃ ,וְטָמֵ֥א עַד־הָעָֽרֶב׃ ,https://shebanq.ancient-data.org/hebrew/text?book=Leviticus&chapter=11&verse=25&version=c&mr=m&qw=q&tp=txt_p&tr=hb&wget=v&qget=v&nget=vt
685799,Lev 11:27,עֶרֶב,עַד־הָעָֽרֶב׃ ,כָּל־הַנֹּגֵ֥עַ בְּנִבְלָתָ֖ם יִטְמָ֥א עַד־הָעָֽרֶב׃ ,https://shebanq.ancient-data.org/hebrew/text?book=Leviticus&chapter=11&verse=27&version=c&mr=m&qw=q&tp=txt_p&tr=hb&wget=v&qget=v&nget=vt
685808,Lev 11:28,עֶרֶב,עַד־הָעָ֑רֶב ,וְטָמֵ֣א עַד־הָעָ֑רֶב ,https://shebanq.ancient-data.org/hebrew/text?book=Leviticus&chapter=11&verse=28&version=c&mr=m&qw=q&tp=txt_p&tr=hb&wget=v&qget=v&nget=vt
685831,Lev 11:31,עֶרֶב,עַד־הָעָֽרֶב׃ ,כָּל־הַנֹּגֵ֧עַ בָּהֶ֛ם בְּמֹתָ֖ם יִטְמָ֥א עַד־הָעָֽרֶב׃ ,https://shebanq.ancient-data.org/hebrew/text?book=Leviticus&chapter=11&verse=31&version=c&mr=m&qw=q&tp=txt_p&tr=hb&wget=v&qget=v&nget=vt
685849,Lev 11:32,עֶרֶב,עַד־הָעֶ֖רֶב ,וְטָמֵ֥א עַד־הָעֶ֖רֶב ,https://shebanq.ancient-data.org/hebrew/text?book=Leviticus&chapter=11&verse=32&version=c&mr=m&qw=q&tp=txt_p&tr=hb&wget=v&qget=v&nget=vt
685934,Lev 11:39,עֶרֶב,עַד־הָעָֽרֶב׃ ,הַנֹּגֵ֥עַ בְּנִבְלָתָ֖הּ יִטְמָ֥א עַד־הָעָֽרֶב׃ ,https://shebanq.ancient-data.org/hebrew/text?book=Leviticus&chapter=11&verse=39&version=c&mr=m&qw=q&tp=txt_p&tr=hb&wget=v&qget=v&nget=vt
685943,Lev 11:40,עֶרֶב,עַד־הָעָ֑רֶב ,וְטָמֵ֣א עַד־הָעָ֑רֶב ,https://shebanq.ancient-data.org/hebrew/text?book=Leviticus&chapter=11&verse=40&version=c&mr=m&qw=q&tp=txt_p&tr=hb&wget=v&qget=v&nget=vt
685952,Lev 11:40,עֶרֶב,עַד־הָעָֽרֶב׃ ,וְטָמֵ֥א עַד־הָעָֽרֶב׃ ,https://shebanq.ancient-data.org/hebrew/text?book=Leviticus&chapter=11&verse=40&version=c&mr=m&qw=q&tp=txt_p&tr=hb&wget=v&qget=v&nget=vt
687400,Lev 14:46,עֶרֶב,עַד־הָעָֽרֶב׃ ,וְהַבָּא֙ אֶל־הַבַּ֔יִת כָּל־יְמֵ֖י הִסְגִּ֣יר אֹתֹ֑ו יִטְמָ֖א עַד־הָעָֽרֶב׃ ,https://shebanq.ancient-data.org/hebrew/text?book=Leviticus&chapter=14&verse=46&version=c&mr=m&qw=q&tp=txt_p&tr=hb&wget=v&qget=v&nget=vt
687536,Lev 15:5,עֶרֶב,עַד־הָעָֽרֶב׃ ,וְטָמֵ֥א עַד־הָעָֽרֶב׃ ,https://shebanq.ancient-data.org/hebrew/text?book=Leviticus&chapter=15&verse=5&version=c&mr=m&qw=q&tp=txt_p&tr=hb&wget=v&qget=v&nget=vt
687552,Lev 15:6,עֶרֶב,עַד־הָעָֽרֶב׃ ,וְטָמֵ֥א עַד־הָעָֽרֶב׃ ,https://shebanq.ancient-data.org/hebrew/text?book=Leviticus&chapter=15&verse=6&version=c&mr=m&qw=q&tp=txt_p&tr=hb&wget=v&qget=v&nget=vt
687564,Lev 15:7,עֶרֶב,עַד־הָעָֽרֶב׃ ,וְטָמֵ֥א עַד־הָעָֽרֶב׃ ,https://shebanq.ancient-data.org/hebrew/text?book=Leviticus&chapter=15&verse=7&version=c&mr=m&qw=q&tp=txt_p&tr=hb&wget=v&qget=v&nget=vt
687578,Lev 15:8,עֶרֶב,עַד־הָעָֽרֶב׃ ,וְטָמֵ֥א עַד־הָעָֽרֶב׃ ,https://shebanq.ancient-data.org/hebrew/text?book=Leviticus&chapter=15&verse=8&version=c&mr=m&qw=q&tp=txt_p&tr=hb&wget=v&qget=v&nget=vt
687595,Lev 15:10,עֶרֶב,עַד־הָעָ֑רֶב ,וְכָל־הַנֹּגֵ֗עַ בְּכֹל֙ אֲשֶׁ֣ר יִהְיֶ֣ה תַחְתָּ֔יו יִטְמָ֖א עַד־הָעָ֑רֶב ,https://shebanq.ancient-data.org/hebrew/text?book=Leviticus&chapter=15&verse=10&version=c&mr=m&qw=q&tp=txt_p&tr=hb&wget=v&qget=v&nget=vt
687607,Lev 15:10,עֶרֶב,עַד־הָעָֽרֶב׃ ,וְטָמֵ֥א עַד־הָעָֽרֶב׃ ,https://shebanq.ancient-data.org/hebrew/text?book=Leviticus&chapter=15&verse=10&version=c&mr=m&qw=q&tp=txt_p&tr=hb&wget=v&qget=v&nget=vt
687627,Lev 15:11,עֶרֶב,עַד־הָעָֽרֶב׃ ,וְטָמֵ֥א עַד־הָעָֽרֶב׃ ,https://shebanq.ancient-data.org/hebrew/text?book=Leviticus&chapter=15&verse=11&version=c&mr=m&qw=q&tp=txt_p&tr=hb&wget=v&qget=v&nget=vt
687697,Lev 15:16,עֶרֶב,עַד־הָעָֽרֶב׃ ,וְאִ֕ישׁ וְרָחַ֥ץ בַּמַּ֛יִם אֶת־כָּל־בְּשָׂרֹ֖ו וְטָמֵ֥א עַד־הָעָֽרֶב׃ ,https://shebanq.ancient-data.org/hebrew/text?book=Leviticus&chapter=15&verse=16&version=c&mr=m&qw=q&tp=txt_p&tr=hb&wget=v&qget=v&nget=vt
687709,Lev 15:17,עֶרֶב,עַד־הָעָֽרֶב׃ פ ,וְכָל־בֶּ֣גֶד וְכָל־עֹ֔ור אֲשֶׁר־יִהְיֶ֥ה עָלָ֖יו שִׁכְבַת־זָ֑רַע וְכֻבַּ֥ס בַּמַּ֖יִם וְטָמֵ֥א עַד־הָעָֽרֶב׃ פ ,https://shebanq.ancient-data.org/hebrew/text?book=Leviticus&chapter=15&verse=17&version=c&mr=m&qw=q&tp=txt_p&tr=hb&wget=v&qget=v&nget=vt
687722,Lev 15:18,עֶרֶב,עַד־הָעָֽרֶב׃ ,וְאִשָּׁ֕ה אֲשֶׁ֨ר יִשְׁכַּ֥ב אִ֛ישׁ אֹתָ֖הּ שִׁכְבַת־זָ֑רַע וְרָחֲצ֣וּ בַמַּ֔יִם וְטָמְא֖וּ עַד־הָעָֽרֶב׃ ,https://shebanq.ancient-data.org/hebrew/text?book=Leviticus&chapter=15&verse=18&version=c&mr=m&qw=q&tp=txt_p&tr=hb&wget=v&qget=v&nget=vt
687741,Lev 15:19,עֶרֶב,עַד־הָעָֽרֶב׃ ,וְכָל־הַנֹּגֵ֥עַ בָּ֖הּ יִטְמָ֥א עַד־הָעָֽרֶב׃ ,https://shebanq.ancient-data.org/hebrew/text?book=Leviticus&chapter=15&verse=19&version=c&mr=m&qw=q&tp=txt_p&tr=hb&wget=v&qget=v&nget=vt
687767,Lev 15:21,עֶרֶב,עַד־הָעָֽרֶב׃ ,וְטָמֵ֥א עַד־הָעָֽרֶב׃ ,https://shebanq.ancient-data.org/hebrew/text?book=Leviticus&chapter=15&verse=21&version=c&mr=m&qw=q&tp=txt_p&tr=hb&wget=v&qget=v&nget=vt
687783,Lev 15:22,עֶרֶב,עַד־הָעָֽרֶב׃ ,וְטָמֵ֥א עַד־הָעָֽרֶב׃ ,https://shebanq.ancient-data.org/hebrew/text?book=Leviticus&chapter=15&verse=22&version=c&mr=m&qw=q&tp=txt_p&tr=hb&wget=v&qget=v&nget=vt
687797,Lev 15:23,עֶרֶב,עַד־הָעָֽרֶב׃ ,יִטְמָ֖א עַד־הָעָֽרֶב׃ ,https://shebanq.ancient-data.org/hebrew/text?book=Leviticus&chapter=15&verse=23&version=c&mr=m&qw=q&tp=txt_p&tr=hb&wget=v&qget=v&nget=vt
687863,Lev 15:27,עֶרֶב,עַד־הָעָֽרֶב׃ ,וְטָמֵ֥א עַד־הָעָֽרֶב׃ ,https://shebanq.ancient-data.org/hebrew/text?book=Leviticus&chapter=15&verse=27&version=c&mr=m&qw=q&tp=txt_p&tr=hb&wget=v&qget=v&nget=vt
688546,Lev 17:15,עֶרֶב,עַד־הָעֶ֖רֶב ,וְכָל־נֶ֗פֶשׁ אֲשֶׁ֨ר תֹּאכַ֤ל נְבֵלָה֙ וּטְרֵפָ֔ה בָּאֶזְרָ֖ח וּבַגֵּ֑ר וְכִבֶּ֨ס בְּגָדָ֜יו וְרָחַ֥ץ בַּמַּ֛יִם וְטָמֵ֥א עַד־הָעֶ֖רֶב וְטָהֵֽר׃ ,https://shebanq.ancient-data.org/hebrew/text?book=Leviticus&chapter=17&verse=15&version=c&mr=m&qw=q&tp=txt_p&tr=hb&wget=v&qget=v&nget=vt
689894,Lev 22:6,עֶרֶב,עַד־הָעָ֑רֶב ,נֶ֚פֶשׁ אֲשֶׁ֣ר תִּגַּע־בֹּ֔ו וְטָמְאָ֖ה עַד־הָעָ֑רֶב וְלֹ֤א יֹאכַל֙ מִן־הַקֳּדָשִׁ֔ים ,https://shebanq.ancient-data.org/hebrew/text?book=Leviticus&chapter=22&verse=6&version=c&mr=m&qw=q&tp=txt_p&tr=hb&wget=v&qget=v&nget=vt
692187,Lev 27:18,יֹובֵל,אַחַ֣ר הַיֹּבֵל֮ ,וְאִם־אַחַ֣ר הַיֹּבֵל֮ יַקְדִּ֣ישׁ שָׂדֵהוּ֒ ,https://shebanq.ancient-data.org/hebrew/text?book=Leviticus&chapter=27&verse=18&version=c&mr=m&qw=q&tp=txt_p&tr=hb&wget=v&qget=v&nget=vt
692763,Num 2:31,אַחֲרֹון,לָאַחֲרֹנָ֥ה ,לָאַחֲרֹנָ֥ה יִסְע֖וּ לְדִגְלֵיהֶֽם׃ פ ,https://shebanq.ancient-data.org/hebrew/text?book=Numeri&chapter=2&verse=31&version=c&mr=m&qw=q&tp=txt_p&tr=hb&wget=v&qget=v&nget=vt
694915,Num 9:3,עֶרֶב,בֵּ֧ין הָֽעֲרְבַּ֛יִם ,בְּאַרְבָּעָ֣ה עָשָֽׂר־יֹ֠ום בַּחֹ֨דֶשׁ הַזֶּ֜ה בֵּ֧ין הָֽעֲרְבַּ֛יִם תַּעֲשׂ֥וּ אֹתֹ֖ו בְּמֹועֲדֹ֑ו ,https://shebanq.ancient-data.org/hebrew/text?book=Numeri&chapter=9&verse=3&version=c&mr=m&qw=q&tp=txt_p&tr=hb&wget=v&qget=v&nget=vt
694932,Num 9:5,עֶרֶב,בֵּ֥ין הָעַרְבַּ֖יִם ,וַיַּעֲשׂ֣וּ אֶת־הַפֶּ֡סַח בָּרִאשֹׁ֡ון בְּאַרְבָּעָה֩ עָשָׂ֨ר יֹ֥ום לַחֹ֛דֶשׁ בֵּ֥ין הָעַרְבַּ֖יִם בְּמִדְבַּ֣ר סִינָ֑י כְּ֠כֹל אֲשֶׁ֨ר צִוָּ֤ה יְהוָה֙ אֶת־מֹשֶׁ֔ה ,https://shebanq.ancient-data.org/hebrew/text?book=Numeri&chapter=9&verse=5&version=c&mr=m&qw=q&tp=txt_p&tr=hb&wget=v&qget=v&nget=vt
695003,Num 9:11,עֶרֶב,בֵּ֥ין הָעַרְבַּ֖יִם ,בַּחֹ֨דֶשׁ הַשֵּׁנִ֜י בְּאַרְבָּעָ֨ה עָשָׂ֥ר יֹ֛ום בֵּ֥ין הָעַרְבַּ֖יִם יַעֲשׂ֣וּ אֹתֹ֑ו ,https://shebanq.ancient-data.org/hebrew/text?book=Numeri&chapter=9&verse=11&version=c&mr=m&qw=q&tp=txt_p&tr=hb&wget=v&qget=v&nget=vt
695068,Num 9:15,עֶרֶב,בָעֶ֜רֶב ,וּבָעֶ֜רֶב יִהְיֶ֧ה עַֽל־הַמִּשְׁכָּ֛ן כְּמַרְאֵה־אֵ֖שׁ עַד־בֹּֽקֶר׃ ,https://shebanq.ancient-data.org/hebrew/text?book=Numeri&chapter=9&verse=15&version=c&mr=m&qw=q&tp=txt_p&tr=hb&wget=v&qget=v&nget=vt
695144,Num 9:21,בֹּקֶר,בַּבֹּ֖קֶר ,וְנַעֲלָ֧ה הֶֽעָנָ֛ן בַּבֹּ֖קֶר ,https://shebanq.ancient-data.org/hebrew/text?book=Numeri&chapter=9&verse=21&version=c&mr=m&qw=q&tp=txt_p&tr=hb&wget=v&qget=v&nget=vt
696925,Num 14:40,בֹּקֶר,בַבֹּ֔קֶר ,וַיַּשְׁכִּ֣מוּ בַבֹּ֔קֶר ,https://shebanq.ancient-data.org/hebrew/text?book=Numeri&chapter=14&verse=40&version=c&mr=m&qw=q&tp=txt_p&tr=hb&wget=v&qget=v&nget=vt
698543,Num 19:7,עֶרֶב,עַד־הָעָֽרֶב׃ ,וְטָמֵ֥א הַכֹּהֵ֖ן עַד־הָעָֽרֶב׃ ,https://shebanq.ancient-data.org/hebrew/text?book=Numeri&chapter=19&verse=7&version=c&mr=m&qw=q&tp=txt_p&tr=hb&wget=v&qget=v&nget=vt
698557,Num 19:8,עֶרֶב,עַד־הָעָֽרֶב׃ ,וְטָמֵ֖א עַד־הָעָֽרֶב׃ ,https://shebanq.ancient-data.org/hebrew/text?book=Numeri&chapter=19&verse=8&version=c&mr=m&qw=q&tp=txt_p&tr=hb&wget=v&qget=v&nget=vt
698580,Num 19:10,עֶרֶב,עַד־הָעָ֑רֶב ,וְטָמֵ֖א עַד־הָעָ֑רֶב ,https://shebanq.ancient-data.org/hebrew/text?book=Numeri&chapter=19&verse=10&version=c&mr=m&qw=q&tp=txt_p&tr=hb&wget=v&qget=v&nget=vt
698707,Num 19:19,עֶרֶב,בָּעָֽרֶב׃ ,וְטָהֵ֥ר בָּעָֽרֶב׃ ,https://shebanq.ancient-data.org/hebrew/text?book=Numeri&chapter=19&verse=19&version=c&mr=m&qw=q&tp=txt_p&tr=hb&wget=v&qget=v&nget=vt
698741,Num 19:21,עֶרֶב,עַד־הָעָֽרֶב׃ ,וְהַנֹּגֵ֨עַ֙ בְּמֵ֣י הַנִּדָּ֔ה יִטְמָ֖א עַד־הָעָֽרֶב׃ ,https://shebanq.ancient-data.org/hebrew/text?book=Numeri&chapter=19&verse=21&version=c&mr=m&qw=q&tp=txt_p&tr=hb&wget=v&qget=v&nget=vt
698754,Num 19:22,עֶרֶב,עַד־הָעָֽרֶב׃ פ ,וְהַנֶּ֥פֶשׁ הַנֹּגַ֖עַת תִּטְמָ֥א עַד־הָעָֽרֶב׃ פ ,https://shebanq.ancient-data.org/hebrew/text?book=Numeri&chapter=19&verse=22&version=c&mr=m&qw=q&tp=txt_p&tr=hb&wget=v&qget=v&nget=vt
699698,Num 22:13,בֹּקֶר,בַּבֹּ֔קֶר ,וַיָּ֤קָם בִּלְעָם֙ בַּבֹּ֔קֶר ,https://shebanq.ancient-data.org/hebrew/text?book=Numeri&chapter=22&verse=13&version=c&mr=m&qw=q&tp=txt_p&tr=hb&wget=v&qget=v&nget=vt
699815,Num 22:21,בֹּקֶר,בַּבֹּ֔קֶר ,וַיָּ֤קָם בִּלְעָם֙ בַּבֹּ֔קֶר ,https://shebanq.ancient-data.org/hebrew/text?book=Numeri&chapter=22&verse=21&version=c&mr=m&qw=q&tp=txt_p&tr=hb&wget=v&qget=v&nget=vt
700124,Num 22:41,בֹּקֶר,בַבֹּ֔קֶר ,וַיְהִ֣י בַבֹּ֔קֶר ,https://shebanq.ancient-data.org/hebrew/text?book=Numeri&chapter=22&verse=41&version=c&mr=m&qw=q&tp=txt_p&tr=hb&wget=v&qget=v&nget=vt
700435,Num 23:23,עֵת,כָּעֵ֗ת ,כָּעֵ֗ת יֵאָמֵ֤ר לְיַעֲקֹב֙ וּלְיִשְׂרָאֵ֔ל ,https://shebanq.ancient-data.org/hebrew/text?book=Numeri&chapter=23&verse=23&version=c&mr=m&qw=q&tp=txt_p&tr=hb&wget=v&qget=v&nget=vt
700697,Num 24:14,יֹום,בְּאַחֲרִ֥ית הַיָּמִֽים׃ ,אִיעָ֣צְךָ֔ אֲשֶׁ֨ר יַעֲשֶׂ֜ה הָעָ֥ם הַזֶּ֛ה לְעַמְּךָ֖ בְּאַחֲרִ֥ית הַיָּמִֽים׃ ,https://shebanq.ancient-data.org/hebrew/text?book=Numeri&chapter=24&verse=14&version=c&mr=m&qw=q&tp=txt_p&tr=hb&wget=v&qget=v&nget=vt
700987,Num 25:19,מַגֵּפָה,אַחֲרֵ֣י הַמַּגֵּפָ֑ה׃ פ ,וַיְהִ֖י אַחֲרֵ֣י הַמַּגֵּפָ֑ה׃ פ ,https://shebanq.ancient-data.org/hebrew/text?book=Numeri&chapter=25&verse=19&version=c&mr=m&qw=q&tp=txt_p&tr=hb&wget=v&qget=v&nget=vt
701598,Num 28:3,יֹום,לַיֹּ֖ום ,כְּבָשִׂ֨ים בְּנֵֽי־שָׁנָ֧ה תְמִימִ֛ם שְׁנַ֥יִם לַיֹּ֖ום עֹלָ֥ה תָמִֽיד׃ ,https://shebanq.ancient-data.org/hebrew/text?book=Numeri&chapter=28&verse=3&version=c&mr=m&qw=q&tp=txt_p&tr=hb&wget=v&qget=v&nget=vt
701602,Num 28:4,בֹּקֶר,בַבֹּ֑קֶר ,אֶת־הַכֶּ֥בֶשׂ אֶחָ֖ד תַּעֲשֶׂ֣ה בַבֹּ֑קֶר וַעֲשִׂירִ֧ית הָאֵיפָ֛ה סֹ֖לֶת לְמִנְחָ֑ה בְּלוּלָ֛ה בְּשֶׁ֥מֶן כָּתִ֖ית רְבִיעִ֥ת הַהִֽין׃ ,https://shebanq.ancient-data.org/hebrew/text?book=Numeri&chapter=28&verse=4&version=c&mr=m&qw=q&tp=txt_p&tr=hb&wget=v&qget=v&nget=vt
701606,Num 28:4,עֶרֶב,בֵּ֥ין הָֽעַרְבָּֽיִם׃ ,וְאֵת֙ הַכֶּ֣בֶשׂ הַשֵּׁנִ֔י תַּעֲשֶׂ֖ה בֵּ֥ין הָֽעַרְבָּֽיִם׃ ,https://shebanq.ancient-data.org/hebrew/text?book=Numeri&chapter=28&verse=4&version=c&mr=m&qw=q&tp=txt_p&tr=hb&wget=v&qget=v&nget=vt
701627,Num 28:8,עֶרֶב,בֵּ֣ין הָֽעַרְבָּ֑יִם ,וְאֵת֙ הַכֶּ֣בֶשׂ הַשֵּׁנִ֔י תַּעֲשֶׂ֖ה בֵּ֣ין הָֽעַרְבָּ֑יִם ,https://shebanq.ancient-data.org/hebrew/text?book=Numeri&chapter=28&verse=8&version=c&mr=m&qw=q&tp=txt_p&tr=hb&wget=v&qget=v&nget=vt
705873,Deut 4:30,יֹום,בְּאַחֲרִית֙ הַיָּמִ֔ים ,וּמְצָא֕וּךָ כֹּ֖ל הַדְּבָרִ֣ים הָאֵ֑לֶּה בְּאַחֲרִית֙ הַיָּמִ֔ים ,https://shebanq.ancient-data.org/hebrew/text?book=Deuteronomium&chapter=4&verse=30&version=c&mr=m&qw=q&tp=txt_p&tr=hb&wget=v&qget=v&nget=vt
707390,Deut 9:7,יֹום,לְמִן־הַיֹּ֞ום ,לְמִן־הַיֹּ֞ום אֲשֶׁר־יָצָ֣אתָ׀ מֵאֶ֣רֶץ מִצְרַ֗יִם עַד־בֹּֽאֲכֶם֙ עַד־הַמָּקֹ֣ום הַזֶּ֔ה מַמְרִ֥ים הֱיִיתֶ֖ם עִם־יְהוָֽה׃ ,https://shebanq.ancient-data.org/hebrew/text?book=Deuteronomium&chapter=9&verse=7&version=c&mr=m&qw=q&tp=txt_p&tr=hb&wget=v&qget=v&nget=vt
709606,Deut 16:4,בֹּקֶר,לַבֹּֽקֶר׃ ,וְלֹא־יָלִ֣ין מִן־הַבָּשָׂ֗ר אֲשֶׁ֨ר תִּזְבַּ֥ח בָּעֶ֛רֶב בַּיֹּ֥ום הָרִאשֹׁ֖ון לַבֹּֽקֶר׃ ,https://shebanq.ancient-data.org/hebrew/text?book=Deuteronomium&chapter=16&verse=4&version=c&mr=m&qw=q&tp=txt_p&tr=hb&wget=v&qget=v&nget=vt
709626,Deut 16:6,עֶרֶב,בָּעָ֑רֶב ,כִּ֠י אִֽם־אֶל־הַמָּקֹ֞ום אֲשֶׁר־יִבְחַ֨ר יְהוָ֤ה אֱלֹהֶ֨יךָ֙ לְשַׁכֵּ֣ן שְׁמֹ֔ו שָׁ֛ם תִּזְבַּ֥ח אֶת־הַפֶּ֖סַח בָּעָ֑רֶב כְּבֹ֣וא הַשֶּׁ֔מֶשׁ מֹועֵ֖ד צֵֽאתְךָ֥ מִמִּצְרָֽיִם׃ ,https://shebanq.ancient-data.org/hebrew/text?book=Deuteronomium&chapter=16&verse=6&version=c&mr=m&qw=q&tp=txt_p&tr=hb&wget=v&qget=v&nget=vt
709643,Deut 16:7,בֹּקֶר,בַבֹּ֔קֶר ,וּפָנִ֣יתָ בַבֹּ֔קֶר ,https://shebanq.ancient-data.org/hebrew/text?book=Deuteronomium&chapter=16&verse=7&version=c&mr=m&qw=q&tp=txt_p&tr=hb&wget=v&qget=v&nget=vt
713228,Deut 28:29,צָהֳרַיִם,בַּֽצָּהֳרַ֗יִם ,וְהָיִ֜יתָ מְמַשֵּׁ֣שׁ בַּֽצָּהֳרַ֗יִם כַּאֲשֶׁ֨ר יְמַשֵּׁ֤שׁ הָעִוֵּר֙ בָּאֲפֵלָ֔ה ,https://shebanq.ancient-data.org/hebrew/text?book=Deuteronomium&chapter=28&verse=29&version=c&mr=m&qw=q&tp=txt_p&tr=hb&wget=v&qget=v&nget=vt
713692,Deut 28:67,בֹּקֶר,בַּבֹּ֤קֶר ,בַּבֹּ֤קֶר תֹּאמַר֙ מִפַּ֤חַד לְבָֽבְךָ֙ אֲשֶׁ֣ר תִּפְחָ֔ד וּמִמַּרְאֵ֥ה עֵינֶ֖יךָ אֲשֶׁ֥ר תִּרְאֶֽה׃ ,https://shebanq.ancient-data.org/hebrew/text?book=Deuteronomium&chapter=28&verse=67&version=c&mr=m&qw=q&tp=txt_p&tr=hb&wget=v&qget=v&nget=vt
713698,Deut 28:67,עֶרֶב,בָעֶ֥רֶב ,וּבָעֶ֥רֶב תֹּאמַ֖ר ,https://shebanq.ancient-data.org/hebrew/text?book=Deuteronomium&chapter=28&verse=67&version=c&mr=m&qw=q&tp=txt_p&tr=hb&wget=v&qget=v&nget=vt
714779,Deut 31:29,יֹום,בְּאַחֲרִ֣ית הַיָּמִ֔ים ,וְקָרָ֨את אֶתְכֶ֤ם הָֽרָעָה֙ בְּאַחֲרִ֣ית הַיָּמִ֔ים ,https://shebanq.ancient-data.org/hebrew/text?book=Deuteronomium&chapter=31&verse=29&version=c&mr=m&qw=q&tp=txt_p&tr=hb&wget=v&qget=v&nget=vt
716056,Josh 2:5,חֹשֶׁךְ,בַּחֹ֨שֶׁךְ֙ ,הַשַּׁ֜עַר לִסְגֹּ֗ור בַּחֹ֨שֶׁךְ֙ ,https://shebanq.ancient-data.org/hebrew/text?book=Josua&chapter=2&verse=5&version=c&mr=m&qw=q&tp=txt_p&tr=hb&wget=v&qget=v&nget=vt
716360,Josh 3:1,בֹּקֶר,בַּבֹּ֜קֶר ,וַיַּשְׁכֵּם֩ יְהֹושֻׁ֨עַ בַּבֹּ֜קֶר ,https://shebanq.ancient-data.org/hebrew/text?book=Josua&chapter=3&verse=1&version=c&mr=m&qw=q&tp=txt_p&tr=hb&wget=v&qget=v&nget=vt
717243,Josh 6:12,בֹּקֶר,בַּבֹּ֑קֶר ,וַיַּשְׁכֵּ֥ם יְהֹושֻׁ֖עַ בַּבֹּ֑קֶר ,https://shebanq.ancient-data.org/hebrew/text?book=Josua&chapter=6&verse=12&version=c&mr=m&qw=q&tp=txt_p&tr=hb&wget=v&qget=v&nget=vt
717564,Josh 7:6,עֶרֶב,עַד־הָעֶ֔רֶב ,וַיִּפֹּל֩ עַל־פָּנָ֨יו אַ֜רְצָה לִפְנֵ֨י אֲרֹ֤ון יְהוָה֙ עַד־הָעֶ֔רֶב ה֖וּא וְזִקְנֵ֣י יִשְׂרָאֵ֑ל ,https://shebanq.ancient-data.org/hebrew/text?book=Josua&chapter=7&verse=6&version=c&mr=m&qw=q&tp=txt_p&tr=hb&wget=v&qget=v&nget=vt
717690,Josh 7:14,בֹּקֶר,בַּבֹּ֖קֶר ,וְנִקְרַבְתֶּ֥ם בַּבֹּ֖קֶר לְשִׁבְטֵיכֶ֑ם ,https://shebanq.ancient-data.org/hebrew/text?book=Josua&chapter=7&verse=14&version=c&mr=m&qw=q&tp=txt_p&tr=hb&wget=v&qget=v&nget=vt
717735,Josh 7:16,בֹּקֶר,בַּבֹּ֔קֶר ,וַיַּשְׁכֵּ֤ם יְהֹושֻׁ֨עַ֙ בַּבֹּ֔קֶר ,https://shebanq.ancient-data.org/hebrew/text?book=Josua&chapter=7&verse=16&version=c&mr=m&qw=q&tp=txt_p&tr=hb&wget=v&qget=v&nget=vt
717958,Josh 8:5,רִאשֹׁון,בָּרִֽאשֹׁנָ֔ה ,כִּֽי־יֵצְא֤וּ לִקְרָאתֵ֨נוּ֙ כַּאֲשֶׁ֣ר בָּרִֽאשֹׁנָ֔ה ,https://shebanq.ancient-data.org/hebrew/text?book=Josua&chapter=8&verse=5&version=c&mr=m&qw=q&tp=txt_p&tr=hb&wget=v&qget=v&nget=vt
717973,Josh 8:6,רִאשֹׁון,בָּרִֽאשֹׁנָ֑ה ,נָסִ֣ים לְפָנֵ֔ינוּ כַּאֲשֶׁ֖ר בָּרִֽאשֹׁנָ֑ה ,https://shebanq.ancient-data.org/hebrew/text?book=Josua&chapter=8&verse=6&version=c&mr=m&qw=q&tp=txt_p&tr=hb&wget=v&qget=v&nget=vt
718017,Josh 8:10,בֹּקֶר,בַּבֹּ֔קֶר ,וַיַּשְׁכֵּ֤ם יְהֹושֻׁ֨עַ֙ בַּבֹּ֔קֶר ,https://shebanq.ancient-data.org/hebrew/text?book=Josua&chapter=8&verse=10&version=c&mr=m&qw=q&tp=txt_p&tr=hb&wget=v&qget=v&nget=vt
718078,Josh 8:14,מֹועֵד,לַמֹּועֵ֖ד ,וַיֵּצְא֣וּ אַנְשֵֽׁי־הָעִ֣יר לִקְרַֽאת־יִ֠שְׂרָאֵל לַֽמִּלְחָמָ֞ה ה֧וּא וְכָל־עַמֹּ֛ו לַמֹּועֵ֖ד לִפְנֵ֣י הָֽעֲרָבָ֑ה ,https://shebanq.ancient-data.org/hebrew/text?book=Josua&chapter=8&verse=14&version=c&mr=m&qw=q&tp=txt_p&tr=hb&wget=v&qget=v&nget=vt
718365,Josh 8:33,רִאשֹׁון,בָּרִאשֹׁנָֽה׃ ,וְכָל־יִשְׂרָאֵ֡ל וּזְקֵנָ֡יו וְשֹׁטְרִ֣ים׀ וְשֹׁפְטָ֡יו עֹמְדִ֣ים מִזֶּ֣ה׀ וּמִזֶּ֣ה׀ לָאָרֹ֡ון נֶגֶד֩ הַכֹּהֲנִ֨ים הַלְוִיִּ֜ם נֹשְׂאֵ֣י׀ אֲרֹ֣ון בְּרִית־יְהוָ֗ה כַּגֵּר֙ כָּֽאֶזְרָ֔ח חֶצְיֹו֙ אֶל־מ֣וּל הַר־גְּרִזִ֔ים וְהַֽחֶצְיֹ֖ו אֶל־מ֣וּל הַר־עֵיבָ֑ל כַּאֲשֶׁ֨ר צִוָּ֜ה מֹשֶׁ֣ה עֶֽבֶד־יְהוָ֗ה לְבָרֵ֛ךְ אֶת־הָעָ֥ם יִשְׂרָאֵ֖ל בָּרִאשֹׁנָֽה׃ ,https://shebanq.ancient-data.org/hebrew/text?book=Josua&chapter=8&verse=33&version=c&mr=m&qw=q&tp=txt_p&tr=hb&wget=v&qget=v&nget=vt
719090,Josh 10:26,עֶרֶב,עַד־הָעָֽרֶב׃ ,וַיִּֽהְי֛וּ תְּלוּיִ֥ם עַל־הָעֵצִ֖ים עַד־הָעָֽרֶב׃ ,https://shebanq.ancient-data.org/hebrew/text?book=Josua&chapter=10&verse=26&version=c&mr=m&qw=q&tp=txt_p&tr=hb&wget=v&qget=v&nget=vt
725089,Judg 6:28,בֹּקֶר,בַּבֹּ֔קֶר ,וַיַּשְׁכִּ֜ימוּ אַנְשֵׁ֤י הָעִיר֙ בַּבֹּ֔קֶר ,https://shebanq.ancient-data.org/hebrew/text?book=Judices&chapter=6&verse=28&version=c&mr=m&qw=q&tp=txt_p&tr=hb&wget=v&qget=v&nget=vt
725157,Judg 6:31,בֹּקֶר,עַד־הַבֹּ֑קֶר ,אֲשֶׁ֨ר יָרִ֥יב לֹ֛ו יוּמַ֖ת עַד־הַבֹּ֑קֶר ,https://shebanq.ancient-data.org/hebrew/text?book=Judices&chapter=6&verse=31&version=c&mr=m&qw=q&tp=txt_p&tr=hb&wget=v&qget=v&nget=vt
726593,Judg 9:33,בֹּקֶר,בַבֹּ֨קֶר֙ ,בַבֹּ֨קֶר֙ כִּזְרֹ֣חַ הַשֶּׁ֔מֶשׁ תַּשְׁכִּ֖ים ,https://shebanq.ancient-data.org/hebrew/text?book=Judices&chapter=9&verse=33&version=c&mr=m&qw=q&tp=txt_p&tr=hb&wget=v&qget=v&nget=vt
728083,Judg 13:10,יֹום,בַיֹּ֖ום ,הִנֵּ֨ה נִרְאָ֤ה אֵלַי֙ הָאִ֔ישׁ אֲשֶׁר־בָּ֥א בַיֹּ֖ום אֵלָֽי׃ ,https://shebanq.ancient-data.org/hebrew/text?book=Judices&chapter=13&verse=10&version=c&mr=m&qw=q&tp=txt_p&tr=hb&wget=v&qget=v&nget=vt
728266,Judg 13:23,עֵת,כָעֵ֕ת ,וְכָעֵ֕ת לֹ֥א הִשְׁמִיעָ֖נוּ כָּזֹֽאת׃ ,https://shebanq.ancient-data.org/hebrew/text?book=Judices&chapter=13&verse=23&version=c&mr=m&qw=q&tp=txt_p&tr=hb&wget=v&qget=v&nget=vt
730139,Judg 18:29,רִאשֹׁון,לָרִאשֹׁנָֽה׃ ,וְאוּלָ֛ם לַ֥יִשׁ שֵׁם־הָעִ֖יר לָרִאשֹׁנָֽה׃ ,https://shebanq.ancient-data.org/hebrew/text?book=Judices&chapter=18&verse=29&version=c&mr=m&qw=q&tp=txt_p&tr=hb&wget=v&qget=v&nget=vt
730233,Judg 19:5,בֹּקֶר,בַבֹּ֖קֶר ,וַיַּשְׁכִּ֥ימוּ בַבֹּ֖קֶר ,https://shebanq.ancient-data.org/hebrew/text?book=Judices&chapter=19&verse=5&version=c&mr=m&qw=q&tp=txt_p&tr=hb&wget=v&qget=v&nget=vt
730422,Judg 19:16,עֶרֶב,בָּעֶ֔רֶב ,וְהִנֵּ֣ה׀ אִ֣ישׁ זָקֵ֗ן בָּ֣א מִֽן־מַעֲשֵׂ֤הוּ מִן־הַשָּׂדֶה֙ בָּעֶ֔רֶב ,https://shebanq.ancient-data.org/hebrew/text?book=Judices&chapter=19&verse=16&version=c&mr=m&qw=q&tp=txt_p&tr=hb&wget=v&qget=v&nget=vt
730597,Judg 19:26,אֹור,עַד־הָאֹֽור׃ ,וַתִּפֹּ֞ל פֶּ֧תַח בֵּית־הָאִ֛ישׁ אֲשֶׁר־אֲדֹונֶ֥יהָ שָּׁ֖ם עַד־הָאֹֽור׃ ,https://shebanq.ancient-data.org/hebrew/text?book=Judices&chapter=19&verse=26&version=c&mr=m&qw=q&tp=txt_p&tr=hb&wget=v&qget=v&nget=vt
730601,Judg 19:27,בֹּקֶר,בַּבֹּ֗קֶר ,וַיָּ֨קָם אֲדֹנֶ֜יהָ בַּבֹּ֗קֶר ,https://shebanq.ancient-data.org/hebrew/text?book=Judices&chapter=19&verse=27&version=c&mr=m&qw=q&tp=txt_p&tr=hb&wget=v&qget=v&nget=vt
730885,Judg 20:19,בֹּקֶר,בַּבֹּ֑קֶר ,וַיָּק֥וּמוּ בְנֵֽי־יִשְׂרָאֵ֖ל בַּבֹּ֑קֶר ,https://shebanq.ancient-data.org/hebrew/text?book=Judices&chapter=20&verse=19&version=c&mr=m&qw=q&tp=txt_p&tr=hb&wget=v&qget=v&nget=vt
730927,Judg 20:23,עֶרֶב,עַד־הָעֶרֶב֒ ,וַיִּבְכּ֣וּ לִפְנֵֽי־יְהוָה֮ עַד־הָעֶרֶב֒ ,https://shebanq.ancient-data.org/hebrew/text?book=Judices&chapter=20&verse=23&version=c&mr=m&qw=q&tp=txt_p&tr=hb&wget=v&qget=v&nget=vt
730974,Judg 20:26,עֶרֶב,עַד־הָעָ֑רֶב ,וַיָּצ֥וּמוּ בַיֹּום־הַה֖וּא עַד־הָעָ֑רֶב ,https://shebanq.ancient-data.org/hebrew/text?book=Judices&chapter=20&verse=26&version=c&mr=m&qw=q&tp=txt_p&tr=hb&wget=v&qget=v&nget=vt
731285,Judg 21:2,עֶרֶב,עַד־הָעֶ֔רֶב ,וַיֵּ֤שְׁבוּ שָׁם֙ עַד־הָעֶ֔רֶב לִפְנֵ֖י הָאֱלֹהִ֑ים ,https://shebanq.ancient-data.org/hebrew/text?book=Judices&chapter=21&verse=2&version=c&mr=m&qw=q&tp=txt_p&tr=hb&wget=v&qget=v&nget=vt
731558,Judg 21:22,עֵת,כָּעֵ֥ת ,כִּ֣י לֹ֥א אַתֶּ֛ם נְתַתֶּ֥ם לָהֶ֖ם כָּעֵ֥ת ,https://shebanq.ancient-data.org/hebrew/text?book=Judices&chapter=21&verse=22&version=c&mr=m&qw=q&tp=txt_p&tr=hb&wget=v&qget=v&nget=vt
731846,1 Sam 1:19,בֹּקֶר,בַבֹּ֗קֶר ,וַיַּשְׁכִּ֣מוּ בַבֹּ֗קֶר ,https://shebanq.ancient-data.org/hebrew/text?book=Samuel_I&chapter=1&verse=19&version=c&mr=m&qw=q&tp=txt_p&tr=hb&wget=v&qget=v&nget=vt
732175,1 Sam 2:16,יֹום,כַּיֹּום֙ ,קַטֵּ֨ר יַקְטִיר֤וּן כַּיֹּום֙ הַחֵ֔לֶב ,https://shebanq.ancient-data.org/hebrew/text?book=Samuel_I&chapter=2&verse=16&version=c&mr=m&qw=q&tp=txt_p&tr=hb&wget=v&qget=v&nget=vt
732687,1 Sam 3:15,בֹּקֶר,עַד־הַבֹּ֔קֶר ,וַיִּשְׁכַּ֤ב שְׁמוּאֵל֙ עַד־הַבֹּ֔קֶר ,https://shebanq.ancient-data.org/hebrew/text?book=Samuel_I&chapter=3&verse=15&version=c&mr=m&qw=q&tp=txt_p&tr=hb&wget=v&qget=v&nget=vt
733168,1 Sam 5:4,בֹּקֶר,בַבֹּקֶר֮ ,וַיַּשְׁכִּ֣מוּ בַבֹּקֶר֮ מִֽמָּחֳרָת֒ ,https://shebanq.ancient-data.org/hebrew/text?book=Samuel_I&chapter=5&verse=4&version=c&mr=m&qw=q&tp=txt_p&tr=hb&wget=v&qget=v&nget=vt
734367,1 Sam 9:13,יֹום,כְהַיֹּ֖ום ,כִּֽי־אֹתֹ֥ו כְהַיֹּ֖ום תִּמְצְא֥וּן אֹתֹֽו׃ ,https://shebanq.ancient-data.org/hebrew/text?book=Samuel_I&chapter=9&verse=13&version=c&mr=m&qw=q&tp=txt_p&tr=hb&wget=v&qget=v&nget=vt
734453,1 Sam 9:19,בֹּקֶר,בַבֹּ֔קֶר ,וְשִׁלַּחְתִּ֣יךָ בַבֹּ֔קֶר ,https://shebanq.ancient-data.org/hebrew/text?book=Samuel_I&chapter=9&verse=19&version=c&mr=m&qw=q&tp=txt_p&tr=hb&wget=v&qget=v&nget=vt
734544,1 Sam 9:24,מֹועֵד,לַמֹּועֵ֛ד ,כִּ֧י לַמֹּועֵ֛ד שָֽׁמוּר־לְךָ֥ לֵאמֹ֖ר ,https://shebanq.ancient-data.org/hebrew/text?book=Samuel_I&chapter=9&verse=24&version=c&mr=m&qw=q&tp=txt_p&tr=hb&wget=v&qget=v&nget=vt
734602,1 Sam 9:27,יֹום,כַּיֹּ֔ום ,וְאַתָּה֙ עֲמֹ֣ד כַּיֹּ֔ום ,https://shebanq.ancient-data.org/hebrew/text?book=Samuel_I&chapter=9&verse=27&version=c&mr=m&qw=q&tp=txt_p&tr=hb&wget=v&qget=v&nget=vt
736276,1 Sam 14:24,עֶרֶב,עַד־הָעֶ֗רֶב ,אָר֣וּר הָ֠אִישׁ אֲשֶׁר־יֹ֨אכַל לֶ֜חֶם עַד־הָעֶ֗רֶב וְנִקַּמְתִּי֙ מֵאֹ֣יְבַ֔י ,https://shebanq.ancient-data.org/hebrew/text?book=Samuel_I&chapter=14&verse=24&version=c&mr=m&qw=q&tp=txt_p&tr=hb&wget=v&qget=v&nget=vt
736848,1 Sam 15:12,בֹּקֶר,בַּבֹּ֑קֶר ,וַיַּשְׁכֵּ֧ם שְׁמוּאֵ֛ל לִקְרַ֥את שָׁא֖וּל בַּבֹּ֑קֶר ,https://shebanq.ancient-data.org/hebrew/text?book=Samuel_I&chapter=15&verse=12&version=c&mr=m&qw=q&tp=txt_p&tr=hb&wget=v&qget=v&nget=vt
737765,1 Sam 17:20,בֹּקֶר,בַּבֹּ֗קֶר ,וַיַּשְׁכֵּ֨ם דָּוִ֜ד בַּבֹּ֗קֶר ,https://shebanq.ancient-data.org/hebrew/text?book=Samuel_I&chapter=17&verse=20&version=c&mr=m&qw=q&tp=txt_p&tr=hb&wget=v&qget=v&nget=vt
738819,1 Sam 19:2,בֹּקֶר,בַבֹּ֔קֶר ,הִשָּֽׁמֶר־נָ֣א בַבֹּ֔קֶר ,https://shebanq.ancient-data.org/hebrew/text?book=Samuel_I&chapter=19&verse=2&version=c&mr=m&qw=q&tp=txt_p&tr=hb&wget=v&qget=v&nget=vt
738970,1 Sam 19:10,לַיְלָה,בַּלַּ֥יְלָה ,וַיִּמָּלֵ֖ט בַּלַּ֥יְלָה הֽוּא׃ פ ,https://shebanq.ancient-data.org/hebrew/text?book=Samuel_I&chapter=19&verse=10&version=c&mr=m&qw=q&tp=txt_p&tr=hb&wget=v&qget=v&nget=vt
738980,1 Sam 19:11,בֹּקֶר,בַּבֹּ֑קֶר ,וַיִּשְׁלַח֩ שָׁא֨וּל מַלְאָכִ֜ים אֶל־בֵּ֤ית דָּוִד֙ לְשָׁמְרֹ֔ו וְלַהֲמִיתֹ֖ו בַּבֹּ֑קֶר ,https://shebanq.ancient-data.org/hebrew/text?book=Samuel_I&chapter=19&verse=11&version=c&mr=m&qw=q&tp=txt_p&tr=hb&wget=v&qget=v&nget=vt
739735,1 Sam 20:35,בֹּקֶר,בַבֹּ֔קֶר ,וַיְהִ֣י בַבֹּ֔קֶר ,https://shebanq.ancient-data.org/hebrew/text?book=Samuel_I&chapter=20&verse=35&version=c&mr=m&qw=q&tp=txt_p&tr=hb&wget=v&qget=v&nget=vt
741576,1 Sam 25:22,בֹּקֶר,עַד־הַבֹּ֖קֶר ,אִם־אַשְׁאִ֧יר מִכָּל־אֲשֶׁר־לֹ֛ו עַד־הַבֹּ֖קֶר מַשְׁתִּ֥ין בְּקִֽיר׃ ,https://shebanq.ancient-data.org/hebrew/text?book=Samuel_I&chapter=25&verse=22&version=c&mr=m&qw=q&tp=txt_p&tr=hb&wget=v&qget=v&nget=vt
741834,1 Sam 25:37,בֹּקֶר,בַבֹּ֗קֶר ,וַיְהִ֣י בַבֹּ֗קֶר בְּצֵ֤את הַיַּ֨יִן֙ מִנָּבָ֔ל ,https://shebanq.ancient-data.org/hebrew/text?book=Samuel_I&chapter=25&verse=37&version=c&mr=m&qw=q&tp=txt_p&tr=hb&wget=v&qget=v&nget=vt
743168,1 Sam 29:10,בֹּקֶר,בַּבֹּ֔קֶר ,הַשְׁכֵּ֣ם בַּבֹּ֔קֶר וְעַבְדֵ֥י אֲדֹנֶ֖יךָ אֲשֶׁר־בָּ֣אוּ אִתָּ֑ךְ ,https://shebanq.ancient-data.org/hebrew/text?book=Samuel_I&chapter=29&verse=10&version=c&mr=m&qw=q&tp=txt_p&tr=hb&wget=v&qget=v&nget=vt
743176,1 Sam 29:10,בֹּקֶר,בַּבֹּ֔קֶר ,וְהִשְׁכַּמְתֶּ֣ם בַּבֹּ֔קֶר ,https://shebanq.ancient-data.org/hebrew/text?book=Samuel_I&chapter=29&verse=10&version=c&mr=m&qw=q&tp=txt_p&tr=hb&wget=v&qget=v&nget=vt
743186,1 Sam 29:11,בֹּקֶר,בַּבֹּ֔קֶר ,וַיַּשְׁכֵּ֨ם דָּוִ֜ד ה֤וּא וַֽאֲנָשָׁיו֙ לָלֶ֣כֶת בַּבֹּ֔קֶר לָשׁ֖וּב אֶל־אֶ֣רֶץ פְּלִשְׁתִּ֑ים ,https://shebanq.ancient-data.org/hebrew/text?book=Samuel_I&chapter=29&verse=11&version=c&mr=m&qw=q&tp=txt_p&tr=hb&wget=v&qget=v&nget=vt
743974,2 Sam 1:12,עֶרֶב,עַד־הָעָ֑רֶב ,וַיָּצֻ֖מוּ עַד־הָעָ֑רֶב עַל־שָׁא֞וּל וְעַל־יְהֹונָתָ֣ן בְּנֹ֗ו וְעַל־עַ֤ם יְהוָה֙ וְעַל־בֵּ֣ית יִשְׂרָאֵ֔ל ,https://shebanq.ancient-data.org/hebrew/text?book=Samuel_II&chapter=1&verse=12&version=c&mr=m&qw=q&tp=txt_p&tr=hb&wget=v&qget=v&nget=vt
744469,2 Sam 2:26,אַחֲרֹון,בָּאַחֲרֹונָ֑ה ,הֲלֹ֣וא יָדַ֔עְתָּה כִּֽי־מָרָ֥ה תִהְיֶ֖ה בָּאַחֲרֹונָ֑ה ,https://shebanq.ancient-data.org/hebrew/text?book=Samuel_II&chapter=2&verse=26&version=c&mr=m&qw=q&tp=txt_p&tr=hb&wget=v&qget=v&nget=vt
744486,2 Sam 2:27,בֹּקֶר,מֵֽהַבֹּ֨קֶר֙ ,כִּ֣י אָ֤ז מֵֽהַבֹּ֨קֶר֙ נַעֲלָ֣ה הָעָ֔ם אִ֖ישׁ מֵאַחֲרֵ֥י אָחִֽיו׃ ,https://shebanq.ancient-data.org/hebrew/text?book=Samuel_II&chapter=2&verse=27&version=c&mr=m&qw=q&tp=txt_p&tr=hb&wget=v&qget=v&nget=vt
745994,2 Sam 7:10,רִאשֹׁון,בָּרִאשֹׁונָֽה׃ ,כַּאֲשֶׁ֖ר בָּרִאשֹׁונָֽה׃ וּלְמִן־הַיֹּ֗ום אֲשֶׁ֨ר צִוִּ֤יתִי שֹֽׁפְטִים֙ עַל־עַמִּ֣י יִשְׂרָאֵ֔ל ,https://shebanq.ancient-data.org/hebrew/text?book=Samuel_II&chapter=7&verse=10&version=c&mr=m&qw=q&tp=txt_p&tr=hb&wget=v&qget=v&nget=vt
745996,2 Sam 7:11,יֹום,לְמִן־הַיֹּ֗ום ,כַּאֲשֶׁ֖ר בָּרִאשֹׁונָֽה׃ וּלְמִן־הַיֹּ֗ום אֲשֶׁ֨ר צִוִּ֤יתִי שֹֽׁפְטִים֙ עַל־עַמִּ֣י יִשְׂרָאֵ֔ל ,https://shebanq.ancient-data.org/hebrew/text?book=Samuel_II&chapter=7&verse=11&version=c&mr=m&qw=q&tp=txt_p&tr=hb&wget=v&qget=v&nget=vt
747123,2 Sam 11:13,עֶרֶב,בָעֶ֗רֶב ,וַיֵּצֵ֣א בָעֶ֗רֶב לִשְׁכַּ֤ב בְּמִשְׁכָּבֹו֙ עִם־עַבְדֵ֣י אֲדֹנָ֔יו ,https://shebanq.ancient-data.org/hebrew/text?book=Samuel_II&chapter=11&verse=13&version=c&mr=m&qw=q&tp=txt_p&tr=hb&wget=v&qget=v&nget=vt
747133,2 Sam 11:14,בֹּקֶר,בַבֹּ֔קֶר ,וַיְהִ֣י בַבֹּ֔קֶר ,https://shebanq.ancient-data.org/hebrew/text?book=Samuel_II&chapter=11&verse=14&version=c&mr=m&qw=q&tp=txt_p&tr=hb&wget=v&qget=v&nget=vt
750027,2 Sam 17:9,תְּחִלָּה,בַּתְּחִלָּ֔ה ,וְהָיָ֗ה כִּנְפֹ֤ל בָּהֶם֙ בַּתְּחִלָּ֔ה ,https://shebanq.ancient-data.org/hebrew/text?book=Samuel_II&chapter=17&verse=9&version=c&mr=m&qw=q&tp=txt_p&tr=hb&wget=v&qget=v&nget=vt
751296,2 Sam 19:25,יֹום,לְמִן־הַיֹּום֙ ,וְאֶת־בְּגָדָיו֙ לֹ֣א כִבֵּ֔ס לְמִן־הַיֹּום֙ לֶ֣כֶת הַמֶּ֔לֶךְ עַד־הַיֹּ֖ום אֲשֶׁר־בָּ֥א בְשָׁלֹֽום׃ ,https://shebanq.ancient-data.org/hebrew/text?book=Samuel_II&chapter=19&verse=25&version=c&mr=m&qw=q&tp=txt_p&tr=hb&wget=v&qget=v&nget=vt
751903,2 Sam 20:18,רִאשֹׁון,בָרִֽאשֹׁנָה֙ ,דַּבֵּ֨ר יְדַבְּר֤וּ בָרִֽאשֹׁנָה֙ לֵאמֹ֔ר ,https://shebanq.ancient-data.org/hebrew/text?book=Samuel_II&chapter=20&verse=18&version=c&mr=m&qw=q&tp=txt_p&tr=hb&wget=v&qget=v&nget=vt
753124,2 Sam 24:11,בֹּקֶר,בַּבֹּ֑קֶר פ ,וַיָּ֥קָם דָּוִ֖ד בַּבֹּ֑קֶר פ ,https://shebanq.ancient-data.org/hebrew/text?book=Samuel_II&chapter=24&verse=11&version=c&mr=m&qw=q&tp=txt_p&tr=hb&wget=v&qget=v&nget=vt
754030,1 Kgs 1:51,יֹום,כַיֹּום֙ ,יִשָּֽׁבַֽע־לִ֤י כַיֹּום֙ הַמֶּ֣לֶךְ שְׁלֹמֹ֔ה ,https://shebanq.ancient-data.org/hebrew/text?book=Reges_I&chapter=1&verse=51&version=c&mr=m&qw=q&tp=txt_p&tr=hb&wget=v&qget=v&nget=vt
755055,1 Kgs 3:20,לַיְלָה,בְּתֹ֨וךְ הַלַּ֜יְלָה ,וַתָּקָם֩ בְּתֹ֨וךְ הַלַּ֜יְלָה ,https://shebanq.ancient-data.org/hebrew/text?book=Reges_I&chapter=3&verse=20&version=c&mr=m&qw=q&tp=txt_p&tr=hb&wget=v&qget=v&nget=vt
755072,1 Kgs 3:21,בֹּקֶר,בַּבֹּ֛קֶר ,וָאָקֻ֥ם בַּבֹּ֛קֶר לְהֵינִ֥יק אֶת־בְּנִ֖י ,https://shebanq.ancient-data.org/hebrew/text?book=Reges_I&chapter=3&verse=21&version=c&mr=m&qw=q&tp=txt_p&tr=hb&wget=v&qget=v&nget=vt
755081,1 Kgs 3:21,בֹּקֶר,בַּבֹּ֔קֶר ,וָאֶתְבֹּונֵ֤ן אֵלָיו֙ בַּבֹּ֔קֶר ,https://shebanq.ancient-data.org/hebrew/text?book=Reges_I&chapter=3&verse=21&version=c&mr=m&qw=q&tp=txt_p&tr=hb&wget=v&qget=v&nget=vt
760881,1 Kgs 17:6,בֹּקֶר,בַּבֹּ֔קֶר ,וְהָעֹרְבִ֗ים מְבִיאִ֨ים לֹ֜ו לֶ֤חֶם וּבָשָׂר֙ בַּבֹּ֔קֶר וְלֶ֥חֶם וּבָשָׂ֖ר בָּעָ֑רֶב ,https://shebanq.ancient-data.org/hebrew/text?book=Reges_I&chapter=17&verse=6&version=c&mr=m&qw=q&tp=txt_p&tr=hb&wget=v&qget=v&nget=vt
760884,1 Kgs 17:6,עֶרֶב,בָּעָ֑רֶב ,וְהָעֹרְבִ֗ים מְבִיאִ֨ים לֹ֜ו לֶ֤חֶם וּבָשָׂר֙ בַּבֹּ֔קֶר וְלֶ֥חֶם וּבָשָׂ֖ר בָּעָ֑רֶב ,https://shebanq.ancient-data.org/hebrew/text?book=Reges_I&chapter=17&verse=6&version=c&mr=m&qw=q&tp=txt_p&tr=hb&wget=v&qget=v&nget=vt
760993,1 Kgs 17:13,רִאשֹׁון,בָרִאשֹׁנָה֙ ,אַ֣ךְ עֲשִׂי־לִ֣י מִ֠שָּׁם עֻגָ֨ה קְטַנָּ֤ה בָרִאשֹׁנָה֙ ,https://shebanq.ancient-data.org/hebrew/text?book=Reges_I&chapter=17&verse=13&version=c&mr=m&qw=q&tp=txt_p&tr=hb&wget=v&qget=v&nget=vt
761000,1 Kgs 17:13,אַחֲרֹון,בָּאַחֲרֹנָֽה׃ ס ,וְלָ֣ךְ וְלִבְנֵ֔ךְ תַּעֲשִׂ֖י בָּאַחֲרֹנָֽה׃ ס ,https://shebanq.ancient-data.org/hebrew/text?book=Reges_I&chapter=17&verse=13&version=c&mr=m&qw=q&tp=txt_p&tr=hb&wget=v&qget=v&nget=vt
761567,1 Kgs 18:27,צָהֳרַיִם,בַֽצָּהֳרַ֜יִם ,וַיְהִ֨י בַֽצָּהֳרַ֜יִם ,https://shebanq.ancient-data.org/hebrew/text?book=Reges_I&chapter=18&verse=27&version=c&mr=m&qw=q&tp=txt_p&tr=hb&wget=v&qget=v&nget=vt
761821,1 Kgs 18:44,שְׁבִיעִי,בַּשְּׁבִעִ֔ית ,וַֽיְהִי֙ בַּשְּׁבִעִ֔ית ,https://shebanq.ancient-data.org/hebrew/text?book=Reges_I&chapter=18&verse=44&version=c&mr=m&qw=q&tp=txt_p&tr=hb&wget=v&qget=v&nget=vt
762459,1 Kgs 20:16,צָהֳרַיִם,בַּֽצָּהֳרָ֑יִם ,וַיֵּצְא֖וּ בַּֽצָּהֳרָ֑יִם ,https://shebanq.ancient-data.org/hebrew/text?book=Reges_I&chapter=20&verse=16&version=c&mr=m&qw=q&tp=txt_p&tr=hb&wget=v&qget=v&nget=vt
763424,1 Kgs 22:5,יֹום,כַיֹּ֖ום ,דְּרָשׁ־נָ֥א כַיֹּ֖ום אֶת־דְּבַ֥ר יְהוָֽה׃ ,https://shebanq.ancient-data.org/hebrew/text?book=Reges_I&chapter=22&verse=5&version=c&mr=m&qw=q&tp=txt_p&tr=hb&wget=v&qget=v&nget=vt
763871,1 Kgs 22:35,עֶרֶב,בָּעֶ֔רֶב ,וַיָּ֣מָת בָּעֶ֔רֶב ,https://shebanq.ancient-data.org/hebrew/text?book=Reges_I&chapter=22&verse=35&version=c&mr=m&qw=q&tp=txt_p&tr=hb&wget=v&qget=v&nget=vt
765064,2 Kgs 3:20,בֹּקֶר,בַבֹּ֨קֶר֙ ,וַיְהִ֤י בַבֹּ֨קֶר֙ כַּעֲלֹ֣ות הַמִּנְחָ֔ה ,https://shebanq.ancient-data.org/hebrew/text?book=Reges_II&chapter=3&verse=20&version=c&mr=m&qw=q&tp=txt_p&tr=hb&wget=v&qget=v&nget=vt
765092,2 Kgs 3:22,בֹּקֶר,בַבֹּ֔קֶר ,וַיַּשְׁכִּ֣ימוּ בַבֹּ֔קֶר ,https://shebanq.ancient-data.org/hebrew/text?book=Reges_II&chapter=3&verse=22&version=c&mr=m&qw=q&tp=txt_p&tr=hb&wget=v&qget=v&nget=vt
765487,2 Kgs 4:20,צָהֳרַיִם,עַד־הַֽצָּהֳרַ֖יִם ,וַיֵּ֧שֶׁב עַל־בִּרְכֶּ֛יהָ עַד־הַֽצָּהֳרַ֖יִם ,https://shebanq.ancient-data.org/hebrew/text?book=Reges_II&chapter=4&verse=20&version=c&mr=m&qw=q&tp=txt_p&tr=hb&wget=v&qget=v&nget=vt
766987,2 Kgs 7:5,נֶשֶׁף,בַנֶּ֔שֶׁף ,וַיָּק֣וּמוּ בַנֶּ֔שֶׁף לָבֹ֖וא אֶל־מַחֲנֵ֣ה אֲרָ֑ם ,https://shebanq.ancient-data.org/hebrew/text?book=Reges_II&chapter=7&verse=5&version=c&mr=m&qw=q&tp=txt_p&tr=hb&wget=v&qget=v&nget=vt
767018,2 Kgs 7:7,נֶשֶׁף,בַנֶּשֶׁף֒ ,וַיָּנ֣וּסוּ בַנֶּשֶׁף֒ ,https://shebanq.ancient-data.org/hebrew/text?book=Reges_II&chapter=7&verse=7&version=c&mr=m&qw=q&tp=txt_p&tr=hb&wget=v&qget=v&nget=vt
768405,2 Kgs 10:8,בֹּקֶר,עַד־הַבֹּֽקֶר׃ ,שִׂ֣ימוּ אֹתָ֞ם שְׁנֵ֧י צִבֻּרִ֛ים פֶּ֥תַח הַשַּׁ֖עַר עַד־הַבֹּֽקֶר׃ ,https://shebanq.ancient-data.org/hebrew/text?book=Reges_II&chapter=10&verse=8&version=c&mr=m&qw=q&tp=txt_p&tr=hb&wget=v&qget=v&nget=vt
768408,2 Kgs 10:9,בֹּקֶר,בַבֹּ֨קֶר֙ ,וַיְהִ֤י בַבֹּ֨קֶר֙ ,https://shebanq.ancient-data.org/hebrew/text?book=Reges_II&chapter=10&verse=9&version=c&mr=m&qw=q&tp=txt_p&tr=hb&wget=v&qget=v&nget=vt
768712,2 Kgs 10:27,יֹום,עַד־הַיֹּֽום׃ ,וַיְשִׂמֻ֥הוּ לְמֹֽוצָאֹ֖ות עַד־הַיֹּֽום׃ ,https://shebanq.ancient-data.org/hebrew/text?book=Reges_II&chapter=10&verse=27&version=c&mr=m&qw=q&tp=txt_p&tr=hb&wget=v&qget=v&nget=vt
772135,2 Kgs 19:35,בֹּקֶר,בַבֹּ֔קֶר ,וַיַּשְׁכִּ֣ימוּ בַבֹּ֔קֶר ,https://shebanq.ancient-data.org/hebrew/text?book=Reges_II&chapter=19&verse=35&version=c&mr=m&qw=q&tp=txt_p&tr=hb&wget=v&qget=v&nget=vt
774410,Isa 2:2,יֹום,בְּאַחֲרִ֣ית הַיָּמִ֗ים ,וְהָיָ֣ה׀ בְּאַחֲרִ֣ית הַיָּמִ֗ים ,https://shebanq.ancient-data.org/hebrew/text?book=Jesaia&chapter=2&verse=2&version=c&mr=m&qw=q&tp=txt_p&tr=hb&wget=v&qget=v&nget=vt
775012,Isa 5:11,בֹּקֶר,בַבֹּ֖קֶר ,הֹ֛וי מַשְׁכִּימֵ֥י בַבֹּ֖קֶר ,https://shebanq.ancient-data.org/hebrew/text?book=Jesaia&chapter=5&verse=11&version=c&mr=m&qw=q&tp=txt_p&tr=hb&wget=v&qget=v&nget=vt
775016,Isa 5:11,נֶשֶׁף,בַנֶּ֔שֶׁף ,מְאַחֲרֵ֣י בַנֶּ֔שֶׁף ,https://shebanq.ancient-data.org/hebrew/text?book=Jesaia&chapter=5&verse=11&version=c&mr=m&qw=q&tp=txt_p&tr=hb&wget=v&qget=v&nget=vt
777698,Isa 17:11,בֹּקֶר,בַבֹּ֖קֶר ,וּבַבֹּ֖קֶר זַרְעֵ֣ךְ תַּפְרִ֑יחִי ,https://shebanq.ancient-data.org/hebrew/text?book=Jesaia&chapter=17&verse=11&version=c&mr=m&qw=q&tp=txt_p&tr=hb&wget=v&qget=v&nget=vt
779154,Isa 26:9,לַיְלָה,בַּלַּ֔יְלָה ,נַפְשִׁ֤י אִוִּיתִ֨יךָ֙ בַּלַּ֔יְלָה ,https://shebanq.ancient-data.org/hebrew/text?book=Jesaia&chapter=26&verse=9&version=c&mr=m&qw=q&tp=txt_p&tr=hb&wget=v&qget=v&nget=vt
780824,Isa 33:2,בֹּקֶר,לַבְּקָרִ֔ים ,יְהוָ֥ה חָנֵּ֖נוּ לְךָ֣ קִוִּ֑ינוּ הֱיֵ֤ה זְרֹעָם֙ לַבְּקָרִ֔ים אַף־יְשׁוּעָתֵ֖נוּ בְּעֵ֥ת צָרָֽה׃ ,https://shebanq.ancient-data.org/hebrew/text?book=Jesaia&chapter=33&verse=2&version=c&mr=m&qw=q&tp=txt_p&tr=hb&wget=v&qget=v&nget=vt
782086,Isa 37:36,בֹּקֶר,בַבֹּ֔קֶר ,וַיַּשְׁכִּ֣ימוּ בַבֹּ֔קֶר ,https://shebanq.ancient-data.org/hebrew/text?book=Jesaia&chapter=37&verse=36&version=c&mr=m&qw=q&tp=txt_p&tr=hb&wget=v&qget=v&nget=vt
784896,Isa 47:13,חֹדֶשׁ,לֶחֳדָשִׁ֔ים ,יַעַמְדוּ־נָ֨א וְיֹושִׁיעֻ֜ךְ הֹבְרֵ֣י שָׁמַ֗יִם הַֽחֹזִים֙ בַּכֹּ֣וכָבִ֔ים מֹֽודִיעִם֙ לֶחֳדָשִׁ֔ים מֵאֲשֶׁ֥ר יָבֹ֖אוּ עָלָֽיִךְ׃ ,https://shebanq.ancient-data.org/hebrew/text?book=Jesaia&chapter=47&verse=13&version=c&mr=m&qw=q&tp=txt_p&tr=hb&wget=v&qget=v&nget=vt
786075,Isa 52:4,רִאשֹׁון,בָרִֽאשֹׁנָ֖ה ,מִצְרַ֛יִם יָֽרַד־עַמִּ֥י בָרִֽאשֹׁנָ֖ה לָג֣וּר שָׁ֑ם ,https://shebanq.ancient-data.org/hebrew/text?book=Jesaia&chapter=52&verse=4&version=c&mr=m&qw=q&tp=txt_p&tr=hb&wget=v&qget=v&nget=vt
787539,Isa 59:10,צָהֳרַיִם,בַֽצָּהֳרַ֨יִם֙ ,כָּשַׁ֤לְנוּ בַֽצָּהֳרַ֨יִם֙ כַּנֶּ֔שֶׁף בָּאַשְׁמַנִּ֖ים כַּמֵּתִֽים׃ ,https://shebanq.ancient-data.org/hebrew/text?book=Jesaia&chapter=59&verse=10&version=c&mr=m&qw=q&tp=txt_p&tr=hb&wget=v&qget=v&nget=vt
788481,Isa 63:18,מִצְעָר,לַמִּצְעָ֕ר ,לַמִּצְעָ֕ר יָרְשׁ֖וּ עַם־קָדְשֶׁ֑ךָ ,https://shebanq.ancient-data.org/hebrew/text?book=Jesaia&chapter=63&verse=18&version=c&mr=m&qw=q&tp=txt_p&tr=hb&wget=v&qget=v&nget=vt
791168,Jer 6:4,צָהֳרַיִם,בַֽצָּהֳרָ֑יִם ,וְנַעֲלֶ֣ה בַֽצָּהֳרָ֑יִם ,https://shebanq.ancient-data.org/hebrew/text?book=Jeremia&chapter=6&verse=4&version=c&mr=m&qw=q&tp=txt_p&tr=hb&wget=v&qget=v&nget=vt
791180,Jer 6:5,לַיְלָה,בַלָּ֔יְלָה ,וְנַעֲלֶ֣ה בַלָּ֔יְלָה ,https://shebanq.ancient-data.org/hebrew/text?book=Jeremia&chapter=6&verse=5&version=c&mr=m&qw=q&tp=txt_p&tr=hb&wget=v&qget=v&nget=vt
791629,Jer 7:12,רִאשֹׁון,בָּרִֽאשֹׁונָ֑ה ,כִּ֣י לְכוּ־נָ֗א אֶל־מְקֹומִי֙ אֲשֶׁ֣ר בְּשִׁילֹ֔ו אֲשֶׁ֨ר שִׁכַּ֧נְתִּֽי שְׁמִ֛י שָׁ֖ם בָּרִֽאשֹׁונָ֑ה ,https://shebanq.ancient-data.org/hebrew/text?book=Jeremia&chapter=7&verse=12&version=c&mr=m&qw=q&tp=txt_p&tr=hb&wget=v&qget=v&nget=vt
795704,Jer 20:16,בֹּקֶר,בַּבֹּ֔קֶר ,וְשָׁמַ֤ע זְעָקָה֙ בַּבֹּ֔קֶר וּתְרוּעָ֖ה בְּעֵ֥ת צָהֳרָֽיִם׃ ,https://shebanq.ancient-data.org/hebrew/text?book=Jeremia&chapter=20&verse=16&version=c&mr=m&qw=q&tp=txt_p&tr=hb&wget=v&qget=v&nget=vt
795870,Jer 21:12,בֹּקֶר,לַבֹּ֨קֶר֙ ,דִּ֤ינוּ לַבֹּ֨קֶר֙ מִשְׁפָּ֔ט ,https://shebanq.ancient-data.org/hebrew/text?book=Jeremia&chapter=21&verse=12&version=c&mr=m&qw=q&tp=txt_p&tr=hb&wget=v&qget=v&nget=vt
796579,Jer 23:20,יֹום,בְּאַֽחֲרִית֙ הַיָּמִ֔ים ,בְּאַֽחֲרִית֙ הַיָּמִ֔ים תִּתְבֹּ֥ונְנוּ בָ֖הּ בִּינָֽה׃ ,https://shebanq.ancient-data.org/hebrew/text?book=Jeremia&chapter=23&verse=20&version=c&mr=m&qw=q&tp=txt_p&tr=hb&wget=v&qget=v&nget=vt
798017,Jer 28:8,עֹולָם,מִן־הָֽעֹולָ֑ם ,הַנְּבִיאִ֗ים אֲשֶׁ֨ר הָי֧וּ לְפָנַ֛י וּלְפָנֶ֖יךָ מִן־הָֽעֹולָ֑ם וַיִּנָּ֨בְא֜וּ אֶל־אֲרָצֹ֤ות רַבֹּות֙ וְעַל־מַמְלָכֹ֣ות גְּדֹלֹ֔ות לְמִלְחָמָ֖ה וּלְרָעָ֥ה וּלְדָֽבֶר׃ ,https://shebanq.ancient-data.org/hebrew/text?book=Jeremia&chapter=28&verse=8&version=c&mr=m&qw=q&tp=txt_p&tr=hb&wget=v&qget=v&nget=vt
798860,Jer 30:24,יֹום,בְּאַחֲרִ֥ית הַיָּמִ֖ים ,בְּאַחֲרִ֥ית הַיָּמִ֖ים תִּתְבֹּ֥ונְנוּ בָֽהּ׃ ,https://shebanq.ancient-data.org/hebrew/text?book=Jeremia&chapter=30&verse=24&version=c&mr=m&qw=q&tp=txt_p&tr=hb&wget=v&qget=v&nget=vt
801507,Jer 37:21,יֹום,לַיֹּום֙ ,וְנָתֹן֩ לֹ֨ו כִכַּר־לֶ֤חֶם לַיֹּום֙ מִח֣וּץ הָאֹפִ֔ים עַד־תֹּ֥ם כָּל־הַלֶּ֖חֶם מִן־הָעִ֑יר ,https://shebanq.ancient-data.org/hebrew/text?book=Jeremia&chapter=37&verse=21&version=c&mr=m&qw=q&tp=txt_p&tr=hb&wget=v&qget=v&nget=vt
804597,Jer 48:47,יֹום,בְּאַחֲרִ֥ית הַיָּמִ֖ים ,וְשַׁבְתִּ֧י שְׁבוּת־מֹואָ֛ב בְּאַחֲרִ֥ית הַיָּמִ֖ים ,https://shebanq.ancient-data.org/hebrew/text?book=Jeremia&chapter=48&verse=47&version=c&mr=m&qw=q&tp=txt_p&tr=hb&wget=v&qget=v&nget=vt
804727,Jer 49:9,לַיְלָה,בַּלַּ֖יְלָה ,אִם־גַּנָּבִ֥ים בַּלַּ֖יְלָה ,https://shebanq.ancient-data.org/hebrew/text?book=Jeremia&chapter=49&verse=9&version=c&mr=m&qw=q&tp=txt_p&tr=hb&wget=v&qget=v&nget=vt
805090,Jer 49:39,יֹום,בְּאַחֲרִ֣ית הַיָּמִ֗ים ,וְהָיָ֣ה׀ בְּאַחֲרִ֣ית הַיָּמִ֗ים ,https://shebanq.ancient-data.org/hebrew/text?book=Jeremia&chapter=49&verse=39&version=c&mr=m&qw=q&tp=txt_p&tr=hb&wget=v&qget=v&nget=vt
806157,Jer 51:46,שָׁנָה,בַשָּׁנָ֣ה ,וּבָ֧א בַשָּׁנָ֣ה הַשְּׁמוּעָ֗ה ,https://shebanq.ancient-data.org/hebrew/text?book=Jeremia&chapter=51&verse=46&version=c&mr=m&qw=q&tp=txt_p&tr=hb&wget=v&qget=v&nget=vt
806161,Jer 51:46,שָׁנָה,בַּשָּׁנָה֙ ,וְאַחֲרָ֤יו בַּשָּׁנָה֙ הַשְּׁמוּעָ֔ה ,https://shebanq.ancient-data.org/hebrew/text?book=Jeremia&chapter=51&verse=46&version=c&mr=m&qw=q&tp=txt_p&tr=hb&wget=v&qget=v&nget=vt
806721,Ezek 1:1,רְבִיעִי,בָּֽרְבִיעִי֙ ,וַיְהִ֣י׀ בִּשְׁלֹשִׁ֣ים שָׁנָ֗ה בָּֽרְבִיעִי֙ בַּחֲמִשָּׁ֣ה לַחֹ֔דֶשׁ ,https://shebanq.ancient-data.org/hebrew/text?book=Ezechiel&chapter=1&verse=1&version=c&mr=m&qw=q&tp=txt_p&tr=hb&wget=v&qget=v&nget=vt
808602,Ezek 8:1,שִׁשִּׁי,בַּשִּׁשִּׁי֙ ,וַיְהִ֣י׀ בַּשָּׁנָ֣ה הַשִּׁשִּׁ֗ית בַּשִּׁשִּׁי֙ בַּחֲמִשָּׁ֣ה לַחֹ֔דֶשׁ ,https://shebanq.ancient-data.org/hebrew/text?book=Ezechiel&chapter=8&verse=1&version=c&mr=m&qw=q&tp=txt_p&tr=hb&wget=v&qget=v&nget=vt
809680,Ezek 12:4,עֶרֶב,בָעֶ֨רֶב֙ ,וְאַתָּ֗ה תֵּצֵ֤א בָעֶ֨רֶב֙ לְעֵ֣ינֵיהֶ֔ם כְּמֹוצָאֵ֖י גֹּולָֽה׃ ,https://shebanq.ancient-data.org/hebrew/text?book=Ezechiel&chapter=12&verse=4&version=c&mr=m&qw=q&tp=txt_p&tr=hb&wget=v&qget=v&nget=vt
809715,Ezek 12:7,עֶרֶב,בָעֶ֛רֶב ,וּבָעֶ֛רֶב חָתַֽרְתִּי־לִ֥י בַקִּ֖יר בְּיָ֑ד ,https://shebanq.ancient-data.org/hebrew/text?book=Ezechiel&chapter=12&verse=7&version=c&mr=m&qw=q&tp=txt_p&tr=hb&wget=v&qget=v&nget=vt
809729,Ezek 12:8,בֹּקֶר,בַּבֹּ֥קֶר ,וַיְהִ֧י דְבַר־יְהוָ֛ה אֵלַ֖י בַּבֹּ֥קֶר לֵאמֹֽר׃ ,https://shebanq.ancient-data.org/hebrew/text?book=Ezechiel&chapter=12&verse=8&version=c&mr=m&qw=q&tp=txt_p&tr=hb&wget=v&qget=v&nget=vt
812472,Ezek 20:1,חֲמִישִׁי,בַּֽחֲמִשִׁי֙ ,וַיְהִ֣י׀ בַּשָּׁנָ֣ה הַשְּׁבִיעִ֗ית בַּֽחֲמִשִׁי֙ בֶּעָשֹׂ֣ור לַחֹ֔דֶשׁ ,https://shebanq.ancient-data.org/hebrew/text?book=Ezechiel&chapter=20&verse=1&version=c&mr=m&qw=q&tp=txt_p&tr=hb&wget=v&qget=v&nget=vt
812928,Ezek 20:31,יֹום,עַד־הַיֹּ֔ום ,וּבִשְׂאֵ֣ת מַתְּנֹֽתֵיכֶ֡ם בְּֽהַעֲבִיר֩ בְּנֵיכֶ֨ם בָּאֵ֜שׁ אַתֶּם֩ נִטְמְאִ֤֨ים לְכָל־גִּלּֽוּלֵיכֶם֙ עַד־הַיֹּ֔ום ,https://shebanq.ancient-data.org/hebrew/text?book=Ezechiel&chapter=20&verse=31&version=c&mr=m&qw=q&tp=txt_p&tr=hb&wget=v&qget=v&nget=vt
814682,Ezek 24:18,בֹּקֶר,בַּבֹּ֔קֶר ,וָאֲדַבֵּ֤ר אֶל־הָעָם֙ בַּבֹּ֔קֶר ,https://shebanq.ancient-data.org/hebrew/text?book=Ezechiel&chapter=24&verse=18&version=c&mr=m&qw=q&tp=txt_p&tr=hb&wget=v&qget=v&nget=vt
814686,Ezek 24:18,עֶרֶב,בָּעָ֑רֶב ,וַתָּ֥מָת אִשְׁתִּ֖י בָּעָ֑רֶב ,https://shebanq.ancient-data.org/hebrew/text?book=Ezechiel&chapter=24&verse=18&version=c&mr=m&qw=q&tp=txt_p&tr=hb&wget=v&qget=v&nget=vt
815862,Ezek 29:1,עֲשִׂירִי,בָּעֲשִׂרִ֕י ,בַּשָּׁנָה֙ הָעֲשִׂירִ֔ית בָּעֲשִׂרִ֕י בִּשְׁנֵ֥ים עָשָׂ֖ר לַחֹ֑דֶשׁ ,https://shebanq.ancient-data.org/hebrew/text?book=Ezechiel&chapter=29&verse=1&version=c&mr=m&qw=q&tp=txt_p&tr=hb&wget=v&qget=v&nget=vt
816066,Ezek 29:17,רִאשֹׁון,בָּֽרִאשֹׁ֖ון ,וַיְהִ֗י בְּעֶשְׂרִ֤ים וָשֶׁ֨בַע֙ שָׁנָ֔ה בָּֽרִאשֹׁ֖ון בְּאֶחָ֣ד לַחֹ֑דֶשׁ ,https://shebanq.ancient-data.org/hebrew/text?book=Ezechiel&chapter=29&verse=17&version=c&mr=m&qw=q&tp=txt_p&tr=hb&wget=v&qget=v&nget=vt
816352,Ezek 30:20,רִאשֹׁון,בָּֽרִאשֹׁ֖ון ,וַיְהִ֗י בְּאַחַ֤ת עֶשְׂרֵה֙ שָׁנָ֔ה בָּֽרִאשֹׁ֖ון בְּשִׁבְעָ֣ה לַחֹ֑דֶשׁ ,https://shebanq.ancient-data.org/hebrew/text?book=Ezechiel&chapter=30&verse=20&version=c&mr=m&qw=q&tp=txt_p&tr=hb&wget=v&qget=v&nget=vt
816441,Ezek 31:1,שְׁלִישִׁי,בַּשְּׁלִישִׁ֖י ,וַיְהִ֗י בְּאַחַ֤ת עֶשְׂרֵה֙ שָׁנָ֔ה בַּשְּׁלִישִׁ֖י בְּאֶחָ֣ד לַחֹ֑דֶשׁ ,https://shebanq.ancient-data.org/hebrew/text?book=Ezechiel&chapter=31&verse=1&version=c&mr=m&qw=q&tp=txt_p&tr=hb&wget=v&qget=v&nget=vt
817342,Ezek 33:21,עֲשִׂירִי,בָּעֲשִׂרִ֛י ,וַיְהִ֞י בִּשְׁתֵּ֧י עֶשְׂרֵ֣ה שָׁנָ֗ה בָּעֲשִׂרִ֛י בַּחֲמִשָּׁ֥ה לַחֹ֖דֶשׁ לְגָלוּתֵ֑נוּ ,https://shebanq.ancient-data.org/hebrew/text?book=Ezechiel&chapter=33&verse=21&version=c&mr=m&qw=q&tp=txt_p&tr=hb&wget=v&qget=v&nget=vt
817356,Ezek 33:22,עֶרֶב,בָּעֶ֗רֶב ,וְיַד־יְהוָה֩ הָיְתָ֨ה אֵלַ֜י בָּעֶ֗רֶב לִפְנֵי֙ בֹּ֣וא הַפָּלִ֔יט ,https://shebanq.ancient-data.org/hebrew/text?book=Ezechiel&chapter=33&verse=22&version=c&mr=m&qw=q&tp=txt_p&tr=hb&wget=v&qget=v&nget=vt
817364,Ezek 33:22,בֹּקֶר,בַּבֹּ֑קֶר ,וַיִּפְתַּ֣ח אֶת־פִּ֔י עַד־בֹּ֥וא אֵלַ֖י בַּבֹּ֑קֶר ,https://shebanq.ancient-data.org/hebrew/text?book=Ezechiel&chapter=33&verse=22&version=c&mr=m&qw=q&tp=txt_p&tr=hb&wget=v&qget=v&nget=vt
819120,Ezek 38:8,שָׁנָה,בְּאַחֲרִ֨ית הַשָּׁנִ֜ים ,בְּאַחֲרִ֨ית הַשָּׁנִ֜ים תָּבֹ֣וא׀ אֶל־אֶ֣רֶץ׀ מְשֹׁובֶ֣בֶת מֵחֶ֗רֶב מְקֻבֶּ֨צֶת֙ מֵעַמִּ֣ים רַבִּ֔ים עַ֚ל הָרֵ֣י יִשְׂרָאֵ֔ל אֲשֶׁר־הָי֥וּ לְחָרְבָּ֖ה תָּמִ֑יד וְהִיא֙ מֵעַמִּ֣ים הוּצָ֔אָה ,https://shebanq.ancient-data.org/hebrew/text?book=Ezechiel&chapter=38&verse=8&version=c&mr=m&qw=q&tp=txt_p&tr=hb&wget=v&qget=v&nget=vt
821580,Ezek 45:23,יֹום,לַיֹּֽום׃ ,וְשִׁבְעַ֨ת יְמֵֽי־הֶחָ֜ג יַעֲשֶׂ֧ה עֹולָ֣ה לַֽיהוָ֗ה שִׁבְעַ֣ת פָּ֠רִים וְשִׁבְעַ֨ת אֵילִ֤ים תְּמִימִם֙ לַיֹּ֔ום שִׁבְעַ֖ת הַיָּמִ֑ים וְחַטָּ֕את שְׂעִ֥יר עִזִּ֖ים לַיֹּֽום׃ ,https://shebanq.ancient-data.org/hebrew/text?book=Ezechiel&chapter=45&verse=23&version=c&mr=m&qw=q&tp=txt_p&tr=hb&wget=v&qget=v&nget=vt
821629,Ezek 46:2,עֶרֶב,עַד־הָעָֽרֶב׃ ,וְהַשַּׁ֥עַר לֹֽא־יִסָּגֵ֖ר עַד־הָעָֽרֶב׃ ,https://shebanq.ancient-data.org/hebrew/text?book=Ezechiel&chapter=46&verse=2&version=c&mr=m&qw=q&tp=txt_p&tr=hb&wget=v&qget=v&nget=vt
821681,Ezek 46:9,מֹועֵד,בַּמֹּֽועֲדִים֒ ,וּבְבֹ֨וא עַם־הָאָ֜רֶץ לִפְנֵ֣י יְהוָה֮ בַּמֹּֽועֲדִים֒ הַבָּ֡א דֶּרֶךְ־שַׁ֨עַר צָפֹ֜ון לְהִֽשְׁתַּחֲוֹ֗ת יֵצֵא֙ דֶּרֶךְ־שַׁ֣עַר נֶ֔גֶב וְהַבָּא֙ דֶּרֶךְ־שַׁ֣עַר נֶ֔גֶב יֵצֵ֖א דֶּרֶךְ־שַׁ֣עַר צָפֹ֑ונָה ,https://shebanq.ancient-data.org/hebrew/text?book=Ezechiel&chapter=46&verse=9&version=c&mr=m&qw=q&tp=txt_p&tr=hb&wget=v&qget=v&nget=vt
821751,Ezek 46:13,יֹום,לַיֹּ֖ום ,וְכֶ֨בֶשׂ בֶּן־שְׁנָתֹ֜ו תָּמִ֗ים תַּעֲשֶׂ֥ה עֹולָ֛ה לַיֹּ֖ום לַֽיהֹוָ֑ה ,https://shebanq.ancient-data.org/hebrew/text?book=Ezechiel&chapter=46&verse=13&version=c&mr=m&qw=q&tp=txt_p&tr=hb&wget=v&qget=v&nget=vt
823010,Hos 3:5,יֹום,בְּאַחֲרִ֥ית הַיָּמִֽים׃ פ ,וּפָחֲד֧וּ אֶל־יְהוָ֛ה וְאֶל־טוּבֹ֖ו בְּאַחֲרִ֥ית הַיָּמִֽים׃ פ ,https://shebanq.ancient-data.org/hebrew/text?book=Hosea&chapter=3&verse=5&version=c&mr=m&qw=q&tp=txt_p&tr=hb&wget=v&qget=v&nget=vt
824185,Hos 10:15,שַׁחַר,בַּשַּׁ֕חַר ,בַּשַּׁ֕חַר נִדְמֹ֥ה נִדְמָ֖ה מֶ֥לֶךְ יִשְׂרָאֵֽל׃ ,https://shebanq.ancient-data.org/hebrew/text?book=Hosea&chapter=10&verse=15&version=c&mr=m&qw=q&tp=txt_p&tr=hb&wget=v&qget=v&nget=vt
824965,Joel 2:2,עֹולָם,מִן־הָ֣עֹולָ֔ם ,כָּמֹ֗הוּ לֹ֤א נִֽהְיָה֙ מִן־הָ֣עֹולָ֔ם ,https://shebanq.ancient-data.org/hebrew/text?book=Joel&chapter=2&verse=2&version=c&mr=m&qw=q&tp=txt_p&tr=hb&wget=v&qget=v&nget=vt
826162,Amos 4:4,בֹּקֶר,לַבֹּ֨קֶר֙ ,וְהָבִ֤יאוּ לַבֹּ֨קֶר֙ זִבְחֵיכֶ֔ם לִשְׁלֹ֥שֶׁת יָמִ֖ים מַעְשְׂרֹֽתֵיכֶֽם׃ ,https://shebanq.ancient-data.org/hebrew/text?book=Amos&chapter=4&verse=4&version=c&mr=m&qw=q&tp=txt_p&tr=hb&wget=v&qget=v&nget=vt
827115,Amos 8:9,צָהֳרַיִם,בַּֽצָּהֳרָ֑יִם ,וְהֵבֵאתִ֥י הַשֶּׁ֖מֶשׁ בַּֽצָּהֳרָ֑יִם ,https://shebanq.ancient-data.org/hebrew/text?book=Amos&chapter=8&verse=9&version=c&mr=m&qw=q&tp=txt_p&tr=hb&wget=v&qget=v&nget=vt
828279,Jonah 4:7,מָחֳרָת,לַֽמָּחֳרָ֑ת ,וַיְמַ֤ן הָֽאֱלֹהִים֙ תֹּולַ֔עַת בַּעֲלֹ֥ות הַשַּׁ֖חַר לַֽמָּחֳרָ֑ת ,https://shebanq.ancient-data.org/hebrew/text?book=Jona&chapter=4&verse=7&version=c&mr=m&qw=q&tp=txt_p&tr=hb&wget=v&qget=v&nget=vt
828862,Mic 4:1,יֹום,בְּאַחֲרִ֣ית הַיָּמִ֗ים ,וְהָיָ֣ה׀ בְּאַחֲרִ֣ית הַיָּמִ֗ים ,https://shebanq.ancient-data.org/hebrew/text?book=Micha&chapter=4&verse=1&version=c&mr=m&qw=q&tp=txt_p&tr=hb&wget=v&qget=v&nget=vt
831038,Zeph 2:4,צָהֳרַיִם,בַּֽצָּהֳרַ֨יִם֙ ,אַשְׁדֹּ֗וד בַּֽצָּהֳרַ֨יִם֙ יְגָ֣רְשׁ֔וּהָ ,https://shebanq.ancient-data.org/hebrew/text?book=Zephania&chapter=2&verse=4&version=c&mr=m&qw=q&tp=txt_p&tr=hb&wget=v&qget=v&nget=vt
831064,Zeph 2:7,עֶרֶב,בָּעֶ֨רֶב֙ ,בְּבָתֵּ֣י אַשְׁקְלֹ֗ון בָּעֶ֨רֶב֙ יִרְבָּצ֔וּן ,https://shebanq.ancient-data.org/hebrew/text?book=Zephania&chapter=2&verse=7&version=c&mr=m&qw=q&tp=txt_p&tr=hb&wget=v&qget=v&nget=vt
838317,Ps 30:6,עֶרֶב,בָּ֭עֶרֶב ,כִּ֤י רֶ֨גַע׀ בְּאַפֹּו֮ חַיִּ֪ים בִּרְצֹ֫ונֹ֥ו בָּ֭עֶרֶב יָלִ֥ין בֶּ֗כִי וְלַבֹּ֥קֶר רִנָּֽה׃ ,https://shebanq.ancient-data.org/hebrew/text?book=Psalmi&chapter=30&verse=6&version=c&mr=m&qw=q&tp=txt_p&tr=hb&wget=v&qget=v&nget=vt
840247,Ps 42:9,לַיְלָה,בַלַּיְלָה ,וּ֭בַלַּיְלָה שִׁירֹ֣ו עִמִּ֑י תְּ֝פִלָּ֗ה לְאֵ֣ל חַיָּֽי׃ ,https://shebanq.ancient-data.org/hebrew/text?book=Psalmi&chapter=42&verse=9&version=c&mr=m&qw=q&tp=txt_p&tr=hb&wget=v&qget=v&nget=vt
840963,Ps 49:15,בֹּקֶר,לַבֹּ֗קֶר ,וַיִּרְדּ֘וּ בָ֤ם יְשָׁרִ֨ים׀ לַבֹּ֗קֶר ,https://shebanq.ancient-data.org/hebrew/text?book=Psalmi&chapter=49&verse=15&version=c&mr=m&qw=q&tp=txt_p&tr=hb&wget=v&qget=v&nget=vt
842067,Ps 59:7,עֶרֶב,לָ֭עֶרֶב ,יָשׁ֣וּבוּ לָ֭עֶרֶב ,https://shebanq.ancient-data.org/hebrew/text?book=Psalmi&chapter=59&verse=7&version=c&mr=m&qw=q&tp=txt_p&tr=hb&wget=v&qget=v&nget=vt
842132,Ps 59:15,עֶרֶב,לָ֭עֶרֶב ,וְיָשׁ֣וּבוּ לָ֭עֶרֶב ,https://shebanq.ancient-data.org/hebrew/text?book=Psalmi&chapter=59&verse=15&version=c&mr=m&qw=q&tp=txt_p&tr=hb&wget=v&qget=v&nget=vt
842152,Ps 59:17,בֹּקֶר,לַבֹּ֗קֶר ,וַאֲרַנֵּ֥ן לַבֹּ֗קֶר חַ֫סְדֶּ֥ךָ ,https://shebanq.ancient-data.org/hebrew/text?book=Psalmi&chapter=59&verse=17&version=c&mr=m&qw=q&tp=txt_p&tr=hb&wget=v&qget=v&nget=vt
844319,Ps 77:7,לַיְלָה,בַּ֫לָּ֥יְלָה ,אֶֽזְכְּרָ֥ה נְגִינָתִ֗י בַּ֫לָּ֥יְלָה ,https://shebanq.ancient-data.org/hebrew/text?book=Psalmi&chapter=77&verse=7&version=c&mr=m&qw=q&tp=txt_p&tr=hb&wget=v&qget=v&nget=vt
845224,Ps 81:4,חֹדֶשׁ,בַחֹ֣דֶשׁ ,תִּקְע֣וּ בַחֹ֣דֶשׁ שֹׁופָ֑ר בַּ֝כֵּ֗סֶה לְיֹ֣ום חַגֵּֽנוּ׃ ,https://shebanq.ancient-data.org/hebrew/text?book=Psalmi&chapter=81&verse=4&version=c&mr=m&qw=q&tp=txt_p&tr=hb&wget=v&qget=v&nget=vt
845854,Ps 88:2,לַיְלָה,בַלַּ֣יְלָה ,יְ֭הוָה אֱלֹהֵ֣י יְשׁוּעָתִ֑י יֹום־צָעַ֖קְתִּי בַלַּ֣יְלָה נֶגְדֶּֽךָ׃ ,https://shebanq.ancient-data.org/hebrew/text?book=Psalmi&chapter=88&verse=2&version=c&mr=m&qw=q&tp=txt_p&tr=hb&wget=v&qget=v&nget=vt
845943,Ps 88:14,בֹּקֶר,בַבֹּ֗קֶר ,וּ֝בַבֹּ֗קֶר תְּֽפִלָּתִ֥י תְקַדְּמֶֽךָּ׃ ,https://shebanq.ancient-data.org/hebrew/text?book=Psalmi&chapter=88&verse=14&version=c&mr=m&qw=q&tp=txt_p&tr=hb&wget=v&qget=v&nget=vt
846362,Ps 90:5,בֹּקֶר,בַּ֝בֹּ֗קֶר ,שֵׁנָ֣ה יִהְי֑וּ בַּ֝בֹּ֗קֶר כֶּחָצִ֥יר יַחֲלֹֽף׃ ,https://shebanq.ancient-data.org/hebrew/text?book=Psalmi&chapter=90&verse=5&version=c&mr=m&qw=q&tp=txt_p&tr=hb&wget=v&qget=v&nget=vt
846365,Ps 90:6,בֹּקֶר,בַּ֭בֹּקֶר ,בַּ֭בֹּקֶר יָצִ֣יץ ,https://shebanq.ancient-data.org/hebrew/text?book=Psalmi&chapter=90&verse=6&version=c&mr=m&qw=q&tp=txt_p&tr=hb&wget=v&qget=v&nget=vt
846369,Ps 90:6,עֶרֶב,לָ֝עֶ֗רֶב ,לָ֝עֶ֗רֶב יְמֹולֵ֥ל ,https://shebanq.ancient-data.org/hebrew/text?book=Psalmi&chapter=90&verse=6&version=c&mr=m&qw=q&tp=txt_p&tr=hb&wget=v&qget=v&nget=vt
846426,Ps 90:14,בֹּקֶר,בַבֹּ֣קֶר ,שַׂבְּעֵ֣נוּ בַבֹּ֣קֶר חַסְדֶּ֑ךָ ,https://shebanq.ancient-data.org/hebrew/text?book=Psalmi&chapter=90&verse=14&version=c&mr=m&qw=q&tp=txt_p&tr=hb&wget=v&qget=v&nget=vt
846568,Ps 92:3,בֹּקֶר,בַּבֹּ֣קֶר ,טֹ֗וב לְהֹדֹ֥ות לַיהוָ֑ה וּלְזַמֵּ֖ר לְשִׁמְךָ֣ עֶלְיֹֽון׃ לְהַגִּ֣יד בַּבֹּ֣קֶר חַסְֽדֶּ֑ךָ וֶ֝אֱמֽוּנָתְךָ֗ בַּלֵּילֹֽות׃ עֲֽלֵי־עָ֭שֹׂור וַעֲלֵי־נָ֑בֶל עֲלֵ֖י הִגָּיֹ֣ון בְּכִנֹּֽור׃ ,https://shebanq.ancient-data.org/hebrew/text?book=Psalmi&chapter=92&verse=3&version=c&mr=m&qw=q&tp=txt_p&tr=hb&wget=v&qget=v&nget=vt
846572,Ps 92:3,לַיְלָה,בַּלֵּילֹֽות׃ ,טֹ֗וב לְהֹדֹ֥ות לַיהוָ֑ה וּלְזַמֵּ֖ר לְשִׁמְךָ֣ עֶלְיֹֽון׃ לְהַגִּ֣יד בַּבֹּ֣קֶר חַסְֽדֶּ֑ךָ וֶ֝אֱמֽוּנָתְךָ֗ בַּלֵּילֹֽות׃ עֲֽלֵי־עָ֭שֹׂור וַעֲלֵי־נָ֑בֶל עֲלֵ֖י הִגָּיֹ֣ון בְּכִנֹּֽור׃ ,https://shebanq.ancient-data.org/hebrew/text?book=Psalmi&chapter=92&verse=3&version=c&mr=m&qw=q&tp=txt_p&tr=hb&wget=v&qget=v&nget=vt
847330,Ps 101:8,בֹּקֶר,לַבְּקָרִ֗ים ,לַבְּקָרִ֗ים אַצְמִ֥ית כָּל־רִשְׁעֵי־אָ֑רֶץ לְהַכְרִ֥ית מֵֽעִיר־יְ֝הוָ֗ה כָּל־פֹּ֥עֲלֵי אָֽוֶן׃ ,https://shebanq.ancient-data.org/hebrew/text?book=Psalmi&chapter=101&verse=8&version=c&mr=m&qw=q&tp=txt_p&tr=hb&wget=v&qget=v&nget=vt
850079,Ps 119:55,לַיְלָה,בַלַּ֣יְלָה ,זָ֘כַ֤רְתִּי בַלַּ֣יְלָה שִׁמְךָ֣ יְהוָ֑ה ,https://shebanq.ancient-data.org/hebrew/text?book=Psalmi&chapter=119&verse=55&version=c&mr=m&qw=q&tp=txt_p&tr=hb&wget=v&qget=v&nget=vt
850873,Ps 121:6,לַיְלָה,בַּלָּֽיְלָה׃ ,יֹומָ֗ם הַשֶּׁ֥מֶשׁ לֹֽא־יַכֶּ֗כָּה וְיָרֵ֥חַ בַּלָּֽיְלָה׃ ,https://shebanq.ancient-data.org/hebrew/text?book=Psalmi&chapter=121&verse=6&version=c&mr=m&qw=q&tp=txt_p&tr=hb&wget=v&qget=v&nget=vt
851472,Ps 134:1,לַיְלָה,בַּלֵּילֹֽות׃ ,כָּל־עַבְדֵ֣י יְהוָ֑ה הָעֹמְדִ֥ים בְּבֵית־יְ֝הוָ֗ה בַּלֵּילֹֽות׃ ,https://shebanq.ancient-data.org/hebrew/text?book=Psalmi&chapter=134&verse=1&version=c&mr=m&qw=q&tp=txt_p&tr=hb&wget=v&qget=v&nget=vt
852391,Ps 143:8,בֹּקֶר,בַבֹּ֨קֶר׀ ,הַשְׁמִ֘יעֵ֤נִי בַבֹּ֨קֶר׀ חַסְדֶּךָ֮ ,https://shebanq.ancient-data.org/hebrew/text?book=Psalmi&chapter=143&verse=8&version=c&mr=m&qw=q&tp=txt_p&tr=hb&wget=v&qget=v&nget=vt
853910,Job 4:20,עֶרֶב,לָעֶ֣רֶב ,מִבֹּ֣קֶר לָעֶ֣רֶב יֻכַּ֑תּוּ ,https://shebanq.ancient-data.org/hebrew/text?book=Iob&chapter=4&verse=20&version=c&mr=m&qw=q&tp=txt_p&tr=hb&wget=v&qget=v&nget=vt
854035,Job 5:14,צָהֳרַיִם,בַֽצָּהֳרָֽיִם׃ ,וְ֝כַלַּ֗יְלָה יְֽמַשְׁשׁ֥וּ בַֽצָּהֳרָֽיִם׃ ,https://shebanq.ancient-data.org/hebrew/text?book=Iob&chapter=5&verse=14&version=c&mr=m&qw=q&tp=txt_p&tr=hb&wget=v&qget=v&nget=vt
857710,Job 24:14,לַיְלָה,בַלַּ֗יְלָה ,וּ֝בַלַּ֗יְלָה יְהִ֣י כַגַּנָּֽב׃ ,https://shebanq.ancient-data.org/hebrew/text?book=Iob&chapter=24&verse=14&version=c&mr=m&qw=q&tp=txt_p&tr=hb&wget=v&qget=v&nget=vt
859810,Job 35:10,לַיְלָה,בַּלָּֽיְלָה׃ ,אַ֭יֵּה אֱלֹ֣והַּ עֹשָׂ֑י נֹתֵ֖ן זְמִרֹ֣ות בַּלָּֽיְלָה׃ מַ֭לְּפֵנוּ מִבַּהֲמֹ֣ות אָ֑רֶץ וּמֵעֹ֖וף הַשָּׁמַ֣יִם יְחַכְּמֵֽנוּ׃ ,https://shebanq.ancient-data.org/hebrew/text?book=Iob&chapter=35&verse=10&version=c&mr=m&qw=q&tp=txt_p&tr=hb&wget=v&qget=v&nget=vt
862328,Prov 6:8,קַיִץ,בַּקַּ֣יִץ ,תָּכִ֣ין בַּקַּ֣יִץ לַחְמָ֑הּ ,https://shebanq.ancient-data.org/hebrew/text?book=Proverbia&chapter=6&verse=8&version=c&mr=m&qw=q&tp=txt_p&tr=hb&wget=v&qget=v&nget=vt
862331,Prov 6:8,קָצִיר,בַ֝קָּצִ֗יר ,אָגְרָ֥ה בַ֝קָּצִ֗יר מַאֲכָלָֽהּ׃ ,https://shebanq.ancient-data.org/hebrew/text?book=Proverbia&chapter=6&verse=8&version=c&mr=m&qw=q&tp=txt_p&tr=hb&wget=v&qget=v&nget=vt
862620,Prov 7:18,בֹּקֶר,עַד־הַבֹּ֑קֶר ,נִרְוֶ֣ה דֹ֭דִים עַד־הַבֹּ֑קֶר ,https://shebanq.ancient-data.org/hebrew/text?book=Proverbia&chapter=7&verse=18&version=c&mr=m&qw=q&tp=txt_p&tr=hb&wget=v&qget=v&nget=vt
863058,Prov 10:5,קַיִץ,בַּ֭קַּיִץ ,אֹגֵ֣ר בַּ֭קַּיִץ בֵּ֣ן מַשְׂכִּ֑יל ,https://shebanq.ancient-data.org/hebrew/text?book=Proverbia&chapter=10&verse=5&version=c&mr=m&qw=q&tp=txt_p&tr=hb&wget=v&qget=v&nget=vt
863061,Prov 10:5,קָצִיר,בַּ֝קָּצִ֗יר ,נִרְדָּ֥ם בַּ֝קָּצִ֗יר בֵּ֣ן מֵבִֽישׁ׃ ,https://shebanq.ancient-data.org/hebrew/text?book=Proverbia&chapter=10&verse=5&version=c&mr=m&qw=q&tp=txt_p&tr=hb&wget=v&qget=v&nget=vt
863541,Prov 12:16,יֹום,בַּ֭יֹּום ,אֱוִ֗יל בַּ֭יֹּום יִוָּדַ֣ע כַּעְסֹ֑ו ,https://shebanq.ancient-data.org/hebrew/text?book=Proverbia&chapter=12&verse=16&version=c&mr=m&qw=q&tp=txt_p&tr=hb&wget=v&qget=v&nget=vt
866547,Prov 27:14,בֹּקֶר,בַּבֹּ֣קֶר ,בַּבֹּ֣קֶר הַשְׁכֵּ֑ים ,https://shebanq.ancient-data.org/hebrew/text?book=Proverbia&chapter=27&verse=14&version=c&mr=m&qw=q&tp=txt_p&tr=hb&wget=v&qget=v&nget=vt
867250,Prov 30:25,קַיִץ,בַקַּ֣יִץ ,וַיָּכִ֖ינוּ בַקַּ֣יִץ לַחְמָֽם׃ ,https://shebanq.ancient-data.org/hebrew/text?book=Proverbia&chapter=30&verse=25&version=c&mr=m&qw=q&tp=txt_p&tr=hb&wget=v&qget=v&nget=vt
867437,Prov 31:18,לַיְלָה,בַלַּ֣יְלָה ,לֹֽא־יִכְבֶּ֖ה בַלַּ֣יְלָה נֵרָֽהּ׃ ,https://shebanq.ancient-data.org/hebrew/text?book=Proverbia&chapter=31&verse=18&version=c&mr=m&qw=q&tp=txt_p&tr=hb&wget=v&qget=v&nget=vt
868108,Ruth 2:17,עֶרֶב,עַד־הָעָ֑רֶב ,וַתְּלַקֵּ֥ט בַּשָּׂדֶ֖ה עַד־הָעָ֑רֶב ,https://shebanq.ancient-data.org/hebrew/text?book=Ruth&chapter=2&verse=17&version=c&mr=m&qw=q&tp=txt_p&tr=hb&wget=v&qget=v&nget=vt
868402,Ruth 3:13,בֹּקֶר,בַבֹּ֨קֶר֙ ,וְהָיָ֤ה בַבֹּ֨קֶר֙ ,https://shebanq.ancient-data.org/hebrew/text?book=Ruth&chapter=3&verse=13&version=c&mr=m&qw=q&tp=txt_p&tr=hb&wget=v&qget=v&nget=vt
868418,Ruth 3:13,בֹּקֶר,עַד־הַבֹּֽקֶר׃ ,שִׁכְבִ֖י עַד־הַבֹּֽקֶר׃ ,https://shebanq.ancient-data.org/hebrew/text?book=Ruth&chapter=3&verse=13&version=c&mr=m&qw=q&tp=txt_p&tr=hb&wget=v&qget=v&nget=vt
868422,Ruth 3:14,בֹּקֶר,עַד־הַבֹּ֔קֶר ,וַתִּשְׁכַּ֤ב מַרְגְּלֹתָיו֙ עַד־הַבֹּ֔קֶר ,https://shebanq.ancient-data.org/hebrew/text?book=Ruth&chapter=3&verse=14&version=c&mr=m&qw=q&tp=txt_p&tr=hb&wget=v&qget=v&nget=vt
868888,Song 1:7,צָהֳרַיִם,בַּֽצָּהֳרָ֑יִם ,הַגִּ֣ידָה לִּ֗י שֶׁ֤אָהֲבָה֙ נַפְשִׁ֔י אֵיכָ֣ה תִרְעֶ֔ה אֵיכָ֖ה תַּרְבִּ֣יץ בַּֽצָּהֳרָ֑יִם ,https://shebanq.ancient-data.org/hebrew/text?book=Canticum&chapter=1&verse=7&version=c&mr=m&qw=q&tp=txt_p&tr=hb&wget=v&qget=v&nget=vt
869102,Song 3:1,לַיְלָה,בַּלֵּילֹ֔ות ,עַל־מִשְׁכָּבִי֙ בַּלֵּילֹ֔ות בִּקַּ֕שְׁתִּי אֵ֥ת שֶׁאָהֲבָ֖ה נַפְשִׁ֑י ,https://shebanq.ancient-data.org/hebrew/text?book=Canticum&chapter=3&verse=1&version=c&mr=m&qw=q&tp=txt_p&tr=hb&wget=v&qget=v&nget=vt
870373,Eccl 2:23,לַיְלָה,גַּם־בַּלַּ֖יְלָה ,גַּם־בַּלַּ֖יְלָה לֹא־שָׁכַ֣ב לִבֹּ֑ו ,https://shebanq.ancient-data.org/hebrew/text?book=Ecclesiastes&chapter=2&verse=23&version=c&mr=m&qw=q&tp=txt_p&tr=hb&wget=v&qget=v&nget=vt
872240,Eccl 10:16,בֹּקֶר,בַּבֹּ֥קֶר ,שֶׁמַּלְכֵּ֖ךְ נָ֑עַר וְשָׂרַ֖יִךְ בַּבֹּ֥קֶר יֹאכֵֽלוּ׃ ,https://shebanq.ancient-data.org/hebrew/text?book=Ecclesiastes&chapter=10&verse=16&version=c&mr=m&qw=q&tp=txt_p&tr=hb&wget=v&qget=v&nget=vt
872249,Eccl 10:17,עֵת,בָּעֵ֣ת ,שֶׁמַּלְכֵּ֖ךְ בֶּן־חֹורִ֑ים וְשָׂרַ֨יִךְ֙ בָּעֵ֣ת יֹאכֵ֔לוּ בִּגְבוּרָ֖ה ,https://shebanq.ancient-data.org/hebrew/text?book=Ecclesiastes&chapter=10&verse=17&version=c&mr=m&qw=q&tp=txt_p&tr=hb&wget=v&qget=v&nget=vt
872348,Eccl 11:6,בֹּקֶר,בַּבֹּ֨קֶר֙ ,בַּבֹּ֨קֶר֙ זְרַ֣ע אֶת־זַרְעֶ֔ךָ ,https://shebanq.ancient-data.org/hebrew/text?book=Ecclesiastes&chapter=11&verse=6&version=c&mr=m&qw=q&tp=txt_p&tr=hb&wget=v&qget=v&nget=vt
872352,Eccl 11:6,עֶרֶב,לָעֶ֖רֶב ,וְלָעֶ֖רֶב אַל־תַּנַּ֣ח יָדֶ֑ךָ ,https://shebanq.ancient-data.org/hebrew/text?book=Ecclesiastes&chapter=11&verse=6&version=c&mr=m&qw=q&tp=txt_p&tr=hb&wget=v&qget=v&nget=vt
872609,Lam 1:2,לַיְלָה,בַּלַּ֗יְלָה ,בָּכֹ֨ו תִבְכֶּ֜ה בַּלַּ֗יְלָה ,https://shebanq.ancient-data.org/hebrew/text?book=Threni&chapter=1&verse=2&version=c&mr=m&qw=q&tp=txt_p&tr=hb&wget=v&qget=v&nget=vt
873360,Lam 3:23,בֹּקֶר,לַבְּקָרִ֔ים ,חֲדָשִׁים֙ לַבְּקָרִ֔ים ,https://shebanq.ancient-data.org/hebrew/text?book=Threni&chapter=3&verse=23&version=c&mr=m&qw=q&tp=txt_p&tr=hb&wget=v&qget=v&nget=vt
874332,Esth 2:14,עֶרֶב,בָּעֶ֣רֶב׀ ,בָּעֶ֣רֶב׀ הִ֣יא בָאָ֗ה ,https://shebanq.ancient-data.org/hebrew/text?book=Esther&chapter=2&verse=14&version=c&mr=m&qw=q&tp=txt_p&tr=hb&wget=v&qget=v&nget=vt
874336,Esth 2:14,בֹּקֶר,בַבֹּקֶר ,וּ֠בַבֹּקֶר הִ֣יא שָׁבָ֞ה אֶל־בֵּ֤ית הַנָּשִׁים֙ שֵׁנִ֔י אֶל־יַ֧ד שַֽׁעֲשְׁגַ֛ז סְרִ֥יס הַמֶּ֖לֶךְ שֹׁמֵ֣ר הַפִּֽילַגְשִׁ֑ים ,https://shebanq.ancient-data.org/hebrew/text?book=Esther&chapter=2&verse=14&version=c&mr=m&qw=q&tp=txt_p&tr=hb&wget=v&qget=v&nget=vt
875150,Esth 5:14,בֹּקֶר,בַבֹּ֣קֶר׀ ,וּבַבֹּ֣קֶר׀ אֱמֹ֣ר לַמֶּ֗לֶךְ ,https://shebanq.ancient-data.org/hebrew/text?book=Esther&chapter=5&verse=14&version=c&mr=m&qw=q&tp=txt_p&tr=hb&wget=v&qget=v&nget=vt
879745,Dan 8:19,זַעַם,בְּאַחֲרִ֣ית הַזָּ֑עַם ,מֹודִֽיעֲךָ֔ אֵ֥ת אֲשֶׁר־יִהְיֶ֖ה בְּאַחֲרִ֣ית הַזָּ֑עַם ,https://shebanq.ancient-data.org/hebrew/text?book=Daniel&chapter=8&verse=19&version=c&mr=m&qw=q&tp=txt_p&tr=hb&wget=v&qget=v&nget=vt
880423,Dan 10:14,יֹום,בְּאַחֲרִ֣ית הַיָּמִ֑ים ,וּבָ֨אתִי֙ לַהֲבִ֣ינְךָ֔ אֵ֛ת אֲשֶׁר־יִקְרָ֥ה לְעַמְּךָ֖ בְּאַחֲרִ֣ית הַיָּמִ֑ים ,https://shebanq.ancient-data.org/hebrew/text?book=Daniel&chapter=10&verse=14&version=c&mr=m&qw=q&tp=txt_p&tr=hb&wget=v&qget=v&nget=vt
880624,Dan 11:6,עֵת,בָּעִתִּֽים׃ ,וְתִנָּתֵ֨ן הִ֤יא וּמְבִיאֶ֨יהָ֙ וְהַיֹּ֣לְדָ֔הּ וּמַחֲזִקָ֖הּ בָּעִתִּֽים׃ ,https://shebanq.ancient-data.org/hebrew/text?book=Daniel&chapter=11&verse=6&version=c&mr=m&qw=q&tp=txt_p&tr=hb&wget=v&qget=v&nget=vt
880933,Dan 11:29,מֹועֵד,לַמֹּועֵ֥ד ,לַמֹּועֵ֥ד יָשׁ֖וּב ,https://shebanq.ancient-data.org/hebrew/text?book=Daniel&chapter=11&verse=29&version=c&mr=m&qw=q&tp=txt_p&tr=hb&wget=v&qget=v&nget=vt
881294,Dan 12:13,יֹום,לְקֵ֥ץ הַיָּמִֽין׃ ,וְתַעֲמֹ֥ד לְגֹרָלְךָ֖ לְקֵ֥ץ הַיָּמִֽין׃ ,https://shebanq.ancient-data.org/hebrew/text?book=Daniel&chapter=12&verse=13&version=c&mr=m&qw=q&tp=txt_p&tr=hb&wget=v&qget=v&nget=vt
884462,Neh 3:34,יֹום,בַיֹּ֔ום ,הַיְכַלּ֣וּ בַיֹּ֔ום ,https://shebanq.ancient-data.org/hebrew/text?book=Nehemia&chapter=3&verse=34&version=c&mr=m&qw=q&tp=txt_p&tr=hb&wget=v&qget=v&nget=vt
884876,Neh 5:11,יֹום,כְּהַיֹּ֗ום ,הָשִׁיבוּ֩ נָ֨א לָהֶ֜ם כְּהַיֹּ֗ום שְׂדֹתֵיהֶ֛ם כַּרְמֵיהֶ֥ם זֵיתֵיהֶ֖ם וּבָתֵּיהֶ֑ם וּמְאַ֨ת הַכֶּ֤סֶף וְהַדָּגָן֙ הַתִּירֹ֣ושׁ וְהַיִּצְהָ֔ר אֲשֶׁ֥ר אַתֶּ֖ם נֹשִׁ֥ים בָּהֶֽם׃ ,https://shebanq.ancient-data.org/hebrew/text?book=Nehemia&chapter=5&verse=11&version=c&mr=m&qw=q&tp=txt_p&tr=hb&wget=v&qget=v&nget=vt
886494,Neh 10:33,שָׁנָה,בַּשָּׁנָ֑ה ,וְהֶעֱמַ֤דְנוּ עָלֵ֨ינוּ֙ מִצְוֹ֔ת לָתֵ֥ת עָלֵ֛ינוּ שְׁלִשִׁ֥ית הַשֶּׁ֖קֶל בַּשָּׁנָ֑ה לַעֲבֹדַ֖ת בֵּ֥ית אֱלֹהֵֽינוּ׃ לְלֶ֣חֶם הַֽמַּעֲרֶ֡כֶת וּמִנְחַ֣ת הַתָּמִ֣יד וּלְעֹולַ֣ת הַ֠תָּמִיד הַשַּׁבָּתֹ֨ות הֶחֳדָשִׁ֜ים לַמֹּועֲדִ֗ים וְלַקֳּדָשִׁים֙ וְלַ֣חַטָּאֹ֔ות לְכַפֵּ֖ר עַל־יִשְׂרָאֵ֑ל וְכֹ֖ל מְלֶ֥אכֶת בֵּית־אֱלֹהֵֽינוּ׃ ס ,https://shebanq.ancient-data.org/hebrew/text?book=Nehemia&chapter=10&verse=33&version=c&mr=m&qw=q&tp=txt_p&tr=hb&wget=v&qget=v&nget=vt
887176,Neh 13:15,שַׁבָּת,בַּשַּׁבָּ֡ת ,בַּיָּמִ֣ים הָהֵ֡מָּה רָאִ֣יתִי בִֽיהוּדָ֣ה׀ דֹּֽרְכִֽים־גִּתֹּ֣ות׀ בַּשַּׁבָּ֡ת וּמְבִיאִ֣ים הָעֲרֵמֹ֣ות וְֽעֹמְסִ֪ים עַל־הַחֲמֹרִ֟ים וְאַף־יַ֜יִן עֲנָבִ֤ים וּתְאֵנִים֙ וְכָל־מַשָּׂ֔א וּמְבִיאִ֥ים יְרוּשָׁלִַ֖ם בְּיֹ֣ום הַשַּׁבָּ֑ת ,https://shebanq.ancient-data.org/hebrew/text?book=Nehemia&chapter=13&verse=15&version=c&mr=m&qw=q&tp=txt_p&tr=hb&wget=v&qget=v&nget=vt
887202,Neh 13:16,שַׁבָּת,בַּשַּׁבָּ֛ת ,וְהַצֹּרִים֙ יָ֣שְׁבוּ בָ֔הּ מְבִיאִ֥ים דָּ֖אג וְכָל־מֶ֑כֶר וּמֹכְרִ֧ים בַּשַּׁבָּ֛ת לִבְנֵ֥י יְהוּדָ֖ה וּבִירוּשָׁלִָֽם׃ ,https://shebanq.ancient-data.org/hebrew/text?book=Nehemia&chapter=13&verse=16&version=c&mr=m&qw=q&tp=txt_p&tr=hb&wget=v&qget=v&nget=vt
887242,Neh 13:19,שַׁבָּת,לִפְנֵ֣י הַשַּׁבָּ֗ת ,וַיְהִ֡י כַּאֲשֶׁ֣ר צָֽלֲלוּ֩ שַׁעֲרֵ֨י יְרוּשָׁלִַ֜ם לִפְנֵ֣י הַשַּׁבָּ֗ת ,https://shebanq.ancient-data.org/hebrew/text?book=Nehemia&chapter=13&verse=19&version=c&mr=m&qw=q&tp=txt_p&tr=hb&wget=v&qget=v&nget=vt
887253,Neh 13:19,שַׁבָּת,עַ֖ד אַחַ֣ר הַשַּׁבָּ֑ת ,וָאֹ֣מְרָ֔ה אֲשֶׁר֙ לֹ֣א יִפְתָּח֔וּם עַ֖ד אַחַ֣ר הַשַּׁבָּ֑ת ,https://shebanq.ancient-data.org/hebrew/text?book=Nehemia&chapter=13&verse=19&version=c&mr=m&qw=q&tp=txt_p&tr=hb&wget=v&qget=v&nget=vt
890930,1 Chr 15:13,רִאשֹׁון,לְמַבָּרִ֥אשֹׁונָ֖ה ,כִּ֛י לְמַבָּרִ֥אשֹׁונָ֖ה לֹ֣א אַתֶּ֑ם ,https://shebanq.ancient-data.org/hebrew/text?book=Chronica_I&chapter=15&verse=13&version=c&mr=m&qw=q&tp=txt_p&tr=hb&wget=v&qget=v&nget=vt
891591,1 Chr 17:14,עֹולָם,עַד־הָעֹולָ֑ם ,וְהַֽעֲמַדְתִּ֛יהוּ בְּבֵיתִ֥י וּבְמַלְכוּתִ֖י עַד־הָעֹולָ֑ם ,https://shebanq.ancient-data.org/hebrew/text?book=Chronica_I&chapter=17&verse=14&version=c&mr=m&qw=q&tp=txt_p&tr=hb&wget=v&qget=v&nget=vt
893242,1 Chr 23:30,עֶרֶב,לָעָֽרֶב׃ ,וְכֵ֖ן לָעָֽרֶב׃ ,https://shebanq.ancient-data.org/hebrew/text?book=Chronica_I&chapter=23&verse=30&version=c&mr=m&qw=q&tp=txt_p&tr=hb&wget=v&qget=v&nget=vt
893713,1 Chr 26:17,יֹום,לַיֹּום֙ ,לַצָּפֹ֤ונָה לַיֹּום֙ אַרְבָּעָ֔ה ,https://shebanq.ancient-data.org/hebrew/text?book=Chronica_I&chapter=26&verse=17&version=c&mr=m&qw=q&tp=txt_p&tr=hb&wget=v&qget=v&nget=vt
893716,1 Chr 26:17,יֹום,לַיֹּ֖ום ,לַנֶּ֥גְבָּה לַיֹּ֖ום אַרְבָּעָ֑ה ,https://shebanq.ancient-data.org/hebrew/text?book=Chronica_I&chapter=26&verse=17&version=c&mr=m&qw=q&tp=txt_p&tr=hb&wget=v&qget=v&nget=vt
896363,2 Chr 7:12,לַיְלָה,בַּלָּ֑יְלָה ,וַיֵּרָ֧א יְהוָ֛ה אֶל־שְׁלֹמֹ֖ה בַּלָּ֑יְלָה ,https://shebanq.ancient-data.org/hebrew/text?book=Chronica_II&chapter=7&verse=12&version=c&mr=m&qw=q&tp=txt_p&tr=hb&wget=v&qget=v&nget=vt
899218,2 Chr 18:34,עֶרֶב,עַד־הָעָ֑רֶב ,וּמֶ֣לֶךְ יִשְׂרָאֵ֗ל הָיָ֨ה מַעֲמִ֧יד בַּמֶּרְכָּבָ֛ה נֹ֥כַח אֲרָ֖ם עַד־הָעָ֑רֶב ,https://shebanq.ancient-data.org/hebrew/text?book=Chronica_II&chapter=18&verse=34&version=c&mr=m&qw=q&tp=txt_p&tr=hb&wget=v&qget=v&nget=vt
899604,2 Chr 20:20,בֹּקֶר,בַבֹּ֔קֶר ,וַיַּשְׁכִּ֣ימוּ בַבֹּ֔קֶר ,https://shebanq.ancient-data.org/hebrew/text?book=Chronica_II&chapter=20&verse=20&version=c&mr=m&qw=q&tp=txt_p&tr=hb&wget=v&qget=v&nget=vt
899720,2 Chr 20:26,יֹום,עַד־הַיֹּֽום׃ ,עַל־כֵּ֡ן קָֽרְא֞וּ אֶת־שֵׁ֨ם הַמָּקֹ֥ום הַה֛וּא עֵ֥מֶק בְּרָכָ֖ה עַד־הַיֹּֽום׃ ,https://shebanq.ancient-data.org/hebrew/text?book=Chronica_II&chapter=20&verse=26&version=c&mr=m&qw=q&tp=txt_p&tr=hb&wget=v&qget=v&nget=vt
904472,2 Chr 35:25,יֹום,עַד־הַיֹּ֔ום ,וַיֹּאמְר֣וּ כָֽל־הַשָּׁרִ֣ים׀ וְ֠הַשָּׁרֹות בְּקִינֹ֨ותֵיהֶ֤ם עַל־יֹאשִׁיָּ֨הוּ֙ עַד־הַיֹּ֔ום ,https://shebanq.ancient-data.org/hebrew/text?book=Chronica_II&chapter=35&verse=25&version=c&mr=m&qw=q&tp=txt_p&tr=hb&wget=v&qget=v&nget=vt
