,cl_node,ref,target_ph,xphrase_function,verse_text,cl_text
7483,440554,Leviticus 25:27,הֵשִׁיב֙ ,Cmpl,וְחִשַּׁב֙ אֶת־שְׁנֵ֣י מִמְכָּרֹ֔ו וְהֵשִׁיב֙ אֶת־הָ֣עֹדֵ֔ף לָאִ֖ישׁ אֲשֶׁ֣ר מָֽכַר־לֹ֑ו וְשָׁ֖ב לַאֲחֻזָּתֹֽו׃ ,וְהֵשִׁיב֙ אֶת־הָ֣עֹדֵ֔ף לָאִ֖ישׁ 
16396,488956,Zechariah 1:4,אָמַר֙ ,Subj,אַל־תִּהְי֣וּ כַאֲבֹֽתֵיכֶ֡ם אֲשֶׁ֣ר קָרְאֽוּ־אֲלֵיהֶם֩ הַנְּבִיאִ֨ים הָרִֽאשֹׁנִ֜ים לֵאמֹ֗ר כֹּ֤ה אָמַר֙ יְהוָ֣ה צְבָאֹ֔ות שׁ֤וּבוּ נָא֙ מִדַּרְכֵיכֶ֣ם הָרָעִ֔ים וּמַֽעַלְלֵיכֶ֖ם הָֽרָעִ֑ים וְלֹ֥א שָׁמְע֛וּ וְלֹֽא־הִקְשִׁ֥יבוּ אֵלַ֖י נְאֻם־יְהוָֽה׃ ,כֹּ֤ה אָמַר֙ יְהוָ֣ה צְבָאֹ֔ות 
15104,480539,Ezekiel 7:2,אָמַ֞ר ,Cmpl,וְאַתָּ֣ה בֶן־אָדָ֗ם כֹּה־אָמַ֞ר אֲדֹנָ֧י יְהוִ֛ה לְאַדְמַ֥ת יִשְׂרָאֵ֖ל קֵ֑ץ בָּ֣א הַקֵּ֔ץ עַל־אַרְבַּ֖ע כַּנְפֹ֥ות הָאָֽרֶץ׃ ,כֹּה־אָמַ֞ר אֲדֹנָ֧י יְהוִ֛ה לְאַדְמַ֥ת יִשְׂרָאֵ֖ל 
10123,453119,Judges 16:12,תִּקַּ֣ח ,Objc,וַתִּקַּ֣ח דְּלִילָה֩ עֲבֹתִ֨ים חֲדָשִׁ֜ים וַתַּאַסְרֵ֣הוּ בָהֶ֗ם וַתֹּ֤אמֶר אֵלָיו֙ פְּלִשְׁתִּ֤ים עָלֶ֨יךָ֙ שִׁמְשֹׁ֔ון וְהָאֹרֵ֖ב יֹשֵׁ֣ב בֶּחָ֑דֶר וַֽיְנַתְּקֵ֛ם מֵעַ֥ל זְרֹעֹתָ֖יו כַּחֽוּט׃ ,וַתִּקַּ֣ח דְּלִילָה֩ עֲבֹתִ֨ים חֲדָשִׁ֜ים 
15348,482059,Ezekiel 20:10,אֲבִאֵ֖ם ,Cmpl,וָאֹֽוצִיאֵ֖ם מֵאֶ֣רֶץ מִצְרָ֑יִם וָאֲבִאֵ֖ם אֶל־הַמִּדְבָּֽר׃ ,וָאֲבִאֵ֖ם אֶל־הַמִּדְבָּֽר׃ 
18729,508607,Nehemiah 2:1,אֶשָּׂ֤א ,Objc,וַיְהִ֣י׀ בְּחֹ֣דֶשׁ נִיסָ֗ן שְׁנַ֥ת עֶשְׂרִ֛ים לְאַרְתַּחְשַׁ֥סְתְּא הַמֶּ֖לֶךְ יַ֣יִן לְפָנָ֑יו וָאֶשָּׂ֤א אֶת־הַיַּ֨יִן֙ וָאֶתְּנָ֣ה לַמֶּ֔לֶךְ וְלֹא־הָיִ֥יתִי רַ֖ע לְפָנָֽיו׃ ,וָאֶשָּׂ֤א אֶת־הַיַּ֨יִן֙ 
19300,512977,2_Chronicles 7:21,הָיָ֣ה ,Adju,וְהַבַּ֤יִת הַזֶּה֙ אֲשֶׁ֣ר הָיָ֣ה עֶלְיֹ֔ון לְכָל־עֹבֵ֥ר עָלָ֖יו יִשֹּׁ֑ם וְאָמַ֗ר בַּמֶּ֨ה עָשָׂ֤ה יְהוָה֙ כָּ֔כָה לָאָ֥רֶץ הַזֹּ֖את וְלַבַּ֥יִת הַזֶּֽה׃ ,אֲשֶׁ֣ר הָיָ֣ה עֶלְיֹ֔ון לְכָל־
6564,436855,Exodus 31:14,שְׁמַרְתֶּם֙ ,Objc,וּשְׁמַרְתֶּם֙ אֶת־הַשַּׁבָּ֔ת כִּ֛י קֹ֥דֶשׁ הִ֖וא לָכֶ֑ם מְחַֽלְלֶ֨יהָ֙ מֹ֣ות יוּמָ֔ת כִּ֗י כָּל־הָעֹשֶׂ֥ה בָהּ֙ מְלָאכָ֔ה וְנִכְרְתָ֛ה הַנֶּ֥פֶשׁ הַהִ֖וא מִקֶּ֥רֶב עַמֶּֽיהָ׃ ,וּשְׁמַרְתֶּם֙ אֶת־הַשַּׁבָּ֔ת 
12100,462327,1_Kings 8:33,הֹוד֣וּ ,Objc,בְּֽהִנָּגֵ֞ף עַמְּךָ֧ יִשְׂרָאֵ֛ל לִפְנֵ֥י אֹויֵ֖ב אֲשֶׁ֣ר יֶחֶטְאוּ־לָ֑ךְ וְשָׁ֤בוּ אֵלֶ֨יךָ֙ וְהֹוד֣וּ אֶת־שְׁמֶ֔ךָ וְהִֽתְפַּֽלְל֧וּ וְהִֽתְחַנְּנ֛וּ אֵלֶ֖יךָ בַּבַּ֥יִת הַזֶּֽה׃ ,וְהֹוד֣וּ אֶת־שְׁמֶ֔ךָ 
11831,461043,2_Samuel 24:7,יֵּֽצְא֛וּ ,Cmpl,וַיָּבֹ֨אוּ מִבְצַר־צֹ֔ר וְכָל־עָרֵ֥י הַחִוִּ֖י וְהַֽכְּנַעֲנִ֑י וַיֵּֽצְא֛וּ אֶל־נֶ֥גֶב יְהוּדָ֖ה בְּאֵ֥ר שָֽׁבַע׃ ,וַיֵּֽצְא֛וּ אֶל־נֶ֥גֶב יְהוּדָ֖ה בְּאֵ֥ר שָֽׁבַע׃ 
7144,439216,Leviticus 14:2,הוּבָ֖א ,Cmpl,זֹ֤את תִּֽהְיֶה֙ תֹּורַ֣ת הַמְּצֹרָ֔ע בְּיֹ֖ום טָהֳרָתֹ֑ו וְהוּבָ֖א אֶל־הַכֹּהֵֽן׃ ,וְהוּבָ֖א אֶל־הַכֹּהֵֽן׃ 
17553,497721,Job 3:18,שָׁ֝מְע֗וּ ,Objc,יַ֭חַד אֲסִירִ֣ים שַׁאֲנָ֑נוּ לֹ֥א שָׁ֝מְע֗וּ קֹ֣ול נֹגֵֽשׂ׃ ,לֹ֥א שָׁ֝מְע֗וּ קֹ֣ול נֹגֵֽשׂ׃ 
11932,461448,1_Kings 2:17,יָשִׁ֖יב ,Objc,וַיֹּ֗אמֶר אִמְרִי־נָא֙ לִשְׁלֹמֹ֣ה הַמֶּ֔לֶךְ כִּ֥י לֹֽא־יָשִׁ֖יב אֶת־פָּנָ֑יִךְ וְיִתֶּן־לִ֛י אֶת־אֲבִישַׁ֥ג הַשּׁוּנַמִּ֖ית לְאִשָּֽׁה׃ ,כִּ֥י לֹֽא־יָשִׁ֖יב אֶת־פָּנָ֑יִךְ 
15009,479825,Jeremiah 51:47,פָקַדְתִּי֙ ,Cmpl,לָכֵן֙ הִנֵּ֣ה יָמִ֣ים בָּאִ֔ים וּפָקַדְתִּי֙ עַל־פְּסִילֵ֣י בָבֶ֔ל וְכָל־אַרְצָ֖הּ תֵּבֹ֑ושׁ וְכָל־חֲלָלֶ֖יהָ יִפְּל֥וּ בְתֹוכָֽהּ׃ ,וּפָקַדְתִּי֙ עַל־פְּסִילֵ֣י בָבֶ֔ל 
13491,468984,Isaiah 10:26,עֹורֵ֨ר ,Adju,וְעֹורֵ֨ר עָלָ֜יו יְהוָ֤ה צְבָאֹות֙ שֹׁ֔וט כְּמַכַּ֥ת מִדְיָ֖ן בְּצ֣וּר עֹורֵ֑ב וּמַטֵּ֨הוּ֙ עַל־הַיָּ֔ם וּנְשָׂאֹ֖ו בְּדֶ֥רֶךְ מִצְרָֽיִם׃ ,וְעֹורֵ֨ר עָלָ֜יו יְהוָ֤ה צְבָאֹות֙ שֹׁ֔וט כְּמַכַּ֥ת מִדְיָ֖ן בְּצ֣וּר עֹורֵ֑ב 
10249,453659,Judges 20:5,יָּקֻ֤מוּ ,Subj,וַיָּקֻ֤מוּ עָלַי֙ בַּעֲלֵ֣י הַגִּבְעָ֔ה וַיָּסֹ֧בּוּ עָלַ֛י אֶת־הַבַּ֖יִת לָ֑יְלָה אֹותִי֙ דִּמּ֣וּ לַהֲרֹ֔ג וְאֶת־פִּילַגְשִׁ֥י עִנּ֖וּ וַתָּמֹֽת׃ ,וַיָּקֻ֤מוּ עָלַי֙ בַּעֲלֵ֣י הַגִּבְעָ֔ה 
14403,476576,Jeremiah 24:3,תֵאָכַ֖לְנָה ,Adju,וַיֹּ֨אמֶר יְהוָ֜ה אֵלַ֗י מָֽה־אַתָּ֤ה רֹאֶה֙ יִרְמְיָ֔הוּ וָאֹמַ֖ר תְּאֵנִ֑ים הַתְּאֵנִ֤ים הַטֹּבֹות֙ טֹבֹ֣ות מְאֹ֔ד וְהָֽרָעֹות֙ רָעֹ֣ות מְאֹ֔ד אֲשֶׁ֥ר לֹא־תֵאָכַ֖לְנָה מֵרֹֽעַ׃ פ ,אֲשֶׁ֥ר לֹא־תֵאָכַ֖לְנָה מֵרֹֽעַ׃ פ 
16929,493059,Psalms 60:2,יַּ֣ךְ ,Adju,בְּהַצֹּותֹ֨ו׀ אֶ֥ת אֲרַ֣ם נַהֲרַיִם֮ וְאֶת־אֲרַ֪ם צֹ֫ובָ֥ה וַיָּ֤שָׁב יֹואָ֗ב וַיַּ֣ךְ אֶת־אֱדֹ֣ום בְּגֵיא־מֶ֑לַח שְׁנֵ֖ים עָשָׂ֣ר אָֽלֶף׃ ,וַיַּ֣ךְ אֶת־אֱדֹ֣ום בְּגֵיא־מֶ֑לַח שְׁנֵ֖ים עָשָׂ֣ר אָֽלֶף׃ 
12168,462575,1_Kings 9:25,הֶעֱלָ֣ה ,Cmpl,וְהֶעֱלָ֣ה שְׁלֹמֹ֡ה שָׁלֹשׁ֩ פְּעָמִ֨ים בַּשָּׁנָ֜ה עֹלֹ֣ות וּשְׁלָמִ֗ים עַל־הַמִּזְבֵּ֨חַ֙ אֲשֶׁ֣ר בָּנָ֣ה לַיהוָ֔ה וְהַקְטֵ֣יר אִתֹּ֗ו אֲשֶׁ֖ר לִפְנֵ֣י יְהוָ֑ה וְשִׁלַּ֖ם אֶת־הַבָּֽיִת׃ ,וְהֶעֱלָ֣ה שְׁלֹמֹ֡ה שָׁלֹשׁ֩ פְּעָמִ֨ים בַּשָּׁנָ֜ה עֹלֹ֣ות וּשְׁלָמִ֗ים עַל־הַמִּזְבֵּ֨חַ֙ 
5177,430094,Genesis 26:7,יִּשְׁאֲל֞וּ ,Cmpl,וַֽיִּשְׁאֲל֞וּ אַנְשֵׁ֤י הַמָּקֹום֙ לְאִשְׁתֹּ֔ו וַיֹּ֖אמֶר אֲחֹ֣תִי הִ֑וא כִּ֤י יָרֵא֙ לֵאמֹ֣ר אִשְׁתִּ֔י פֶּן־יַֽהַרְגֻ֜נִי אַנְשֵׁ֤י הַמָּקֹום֙ עַל־רִבְקָ֔ה כִּֽי־טֹובַ֥ת מַרְאֶ֖ה הִֽיא׃ ,וַֽיִּשְׁאֲל֞וּ אַנְשֵׁ֤י הַמָּקֹום֙ לְאִשְׁתֹּ֔ו 
14702,478154,Jeremiah 37:21,יְצַוֶּ֞ה ,Subj,וַיְצַוֶּ֞ה הַמֶּ֣לֶךְ צִדְקִיָּ֗הוּ וַיַּפְקִ֣דוּ אֶֽת־יִרְמְיָהוּ֮ בַּחֲצַ֣ר הַמַּטָּרָה֒ וְנָתֹן֩ לֹ֨ו כִכַּר־לֶ֤חֶם לַיֹּום֙ מִח֣וּץ הָאֹפִ֔ים עַד־תֹּ֥ם כָּל־הַלֶּ֖חֶם מִן־הָעִ֑יר וַיֵּ֣שֶׁב יִרְמְיָ֔הוּ בַּחֲצַ֖ר הַמַּטָּרָֽה׃ ,וַיְצַוֶּ֞ה הַמֶּ֣לֶךְ צִדְקִיָּ֗הוּ 
10852,456467,1_Samuel 20:2,יִגְלֶ֖ה ,Objc,וַיֹּ֨אמֶר לֹ֣ו חָלִילָה֮ לֹ֣א תָמוּת֒ הִנֵּ֡ה לֹֽא־יַעֲשֶׂ֨ה אָבִ֜י דָּבָ֣ר גָּדֹ֗ול אֹ֚ו דָּבָ֣ר קָטֹ֔ן וְלֹ֥א יִגְלֶ֖ה אֶת־אָזְנִ֑י וּמַדּוּעַ֩ יַסְתִּ֨יר אָבִ֥י מִמֶּ֛נִּי אֶת־הַדָּבָ֥ר הַזֶּ֖ה אֵ֥ין זֹֽאת׃ ,וְלֹ֥א יִגְלֶ֖ה אֶת־אָזְנִ֑י 
10775,456141,1_Samuel 17:49,יַּ֥ךְ ,Cmpl,וַיִּשְׁלַח֩ דָּוִ֨ד אֶת־יָדֹ֜ו אֶל־הַכֶּ֗לִי וַיִּקַּ֨ח מִשָּׁ֥ם אֶ֨בֶן֙ וַיְקַלַּ֔ע וַיַּ֥ךְ אֶת־הַפְּלִשְׁתִּ֖י אֶל־מִצְחֹ֑ו וַתִּטְבַּ֤ע הָאֶ֨בֶן֙ בְּמִצְחֹ֔ו וַיִּפֹּ֥ל עַל־פָּנָ֖יו אָֽרְצָה׃ ,וַיַּ֥ךְ אֶת־הַפְּלִשְׁתִּ֖י אֶל־מִצְחֹ֑ו 
5740,433085,Genesis 47:3,יֹּאמְר֣וּ ,Cmpl,וַיֹּ֧אמֶר פַּרְעֹ֛ה אֶל־אֶחָ֖יו מַה־מַּעֲשֵׂיכֶ֑ם וַיֹּאמְר֣וּ אֶל־פַּרְעֹ֗ה רֹעֵ֥ה צֹאן֙ עֲבָדֶ֔יךָ גַּם־אֲנַ֖חְנוּ גַּם־אֲבֹותֵֽינוּ׃ ,וַיֹּאמְר֣וּ אֶל־פַּרְעֹ֗ה 
10924,456794,1_Samuel 22:9,רָאִ֨יתִי֙ ,Objc,וַיַּ֜עַן דֹּאֵ֣ג הָאֲדֹמִ֗י וְה֛וּא נִצָּ֥ב עַל־עַבְדֵֽי־שָׁא֖וּל וַיֹּאמַ֑ר רָאִ֨יתִי֙ אֶת־בֶּן־יִשַׁ֔י בָּ֣א נֹ֔בֶה אֶל־אֲחִימֶ֖לֶךְ בֶּן־אֲחִטֽוּב׃ ,רָאִ֨יתִי֙ אֶת־בֶּן־יִשַׁ֔י 
15622,483784,Ezekiel 33:30,דִבֶּר־,Cmpl,וְאַתָּ֣ה בֶן־אָדָ֔ם בְּנֵ֣י עַמְּךָ֗ הַנִּדְבָּרִ֤ים בְּךָ֙ אֵ֣צֶל הַקִּירֹ֔ות וּבְפִתְחֵ֖י הַבָּתִּ֑ים וְדִבֶּר־חַ֣ד אֶת־אַחַ֗ד אִ֤ישׁ אֶת־אָחִיו֙ לֵאמֹ֔ר בֹּֽאוּ־נָ֣א וְשִׁמְע֔וּ מָ֣ה הַדָּבָ֔ר הַיֹּוצֵ֖א מֵאֵ֥ת יְהוָֽה׃ ,וְדִבֶּר־חַ֣ד אֶת־אַחַ֗ד 
19452,513719,2_Chronicles 18:8,יִּקְרָא֙ ,Cmpl,וַיִּקְרָא֙ מֶ֣לֶךְ יִשְׂרָאֵ֔ל אֶל־סָרִ֖יס אֶחָ֑ד וַיֹּ֕אמֶר מַהֵ֖ר מִיכָ֥יְהוּ בֶן־יִמְלָֽא׃ ,וַיִּקְרָא֙ מֶ֣לֶךְ יִשְׂרָאֵ֔ל אֶל־סָרִ֖יס אֶחָ֑ד 
14798,478537,Jeremiah 42:2,יֹּאמְר֞וּ ,Cmpl,וַיֹּאמְר֞וּ אֶֽל־יִרְמְיָ֣הוּ הַנָּבִ֗יא תִּפָּל־נָ֤א תְחִנָּתֵ֨נוּ֙ לְפָנֶ֔יךָ וְהִתְפַּלֵּ֤ל בַּעֲדֵ֨נוּ֙ אֶל־יְהוָ֣ה אֱלֹהֶ֔יךָ בְּעַ֖ד כָּל־הַשְּׁאֵרִ֣ית הַזֹּ֑את כִּֽי־נִשְׁאַ֤רְנוּ מְעַט֙ מֵֽהַרְבֵּ֔ה כַּאֲשֶׁ֥ר עֵינֶ֖יךָ רֹאֹ֥ות אֹתָֽנוּ׃ ,וַיֹּאמְר֞וּ אֶֽל־יִרְמְיָ֣הוּ הַנָּבִ֗יא 
12278,462991,1_Kings 12:31,יַּ֤עַשׂ ,Cmpl,וַיַּ֖עַשׂ אֶת־בֵּ֣ית בָּמֹ֑ות וַיַּ֤עַשׂ כֹּֽהֲנִים֙ מִקְצֹ֣ות הָעָ֔ם אֲשֶׁ֥ר לֹֽא־הָי֖וּ מִבְּנֵ֥י לֵוִֽי׃ ,וַיַּ֤עַשׂ כֹּֽהֲנִים֙ מִקְצֹ֣ות הָעָ֔ם 
10165,453278,Judges 17:8,יֵּ֨לֶךְ ,Cmpl,וַיֵּ֨לֶךְ הָאִ֜ישׁ מֵהָעִ֗יר מִבֵּ֥ית לֶ֨חֶם֙ יְהוּדָ֔ה לָג֖וּר בַּאֲשֶׁ֣ר יִמְצָ֑א וַיָּבֹ֧א הַר־אֶפְרַ֛יִם עַד־בֵּ֥ית מִיכָ֖ה לַעֲשֹׂ֥ות דַּרְכֹּֽו׃ ,וַיֵּ֨לֶךְ הָאִ֜ישׁ מֵהָעִ֗יר מִבֵּ֥ית לֶ֨חֶם֙ יְהוּדָ֔ה 
12452,463804,1_Kings 18:21,יִּגַּ֨שׁ ,Cmpl,וַיִּגַּ֨שׁ אֵלִיָּ֜הוּ אֶל־כָּל־הָעָ֗ם וַיֹּ֨אמֶר֙ עַד־מָתַ֞י אַתֶּ֣ם פֹּסְחִים֮ עַל־שְׁתֵּ֣י הַסְּעִפִּים֒ אִם־יְהוָ֤ה הָֽאֱלֹהִים֙ לְכ֣וּ אַחֲרָ֔יו וְאִם־הַבַּ֖עַל לְכ֣וּ אַחֲרָ֑יו וְלֹֽא־עָנ֥וּ הָעָ֛ם אֹתֹ֖ו דָּבָֽר׃ ,וַיִּגַּ֨שׁ אֵלִיָּ֜הוּ אֶל־כָּל־הָעָ֗ם 
13540,469271,Isaiah 14:30,רָעוּ֙ ,Subj,וְרָעוּ֙ בְּכֹורֵ֣י דַלִּ֔ים וְאֶבְיֹונִ֖ים לָבֶ֣טַח יִרְבָּ֑צוּ וְהֵמַתִּ֤י בָֽרָעָב֙ שָׁרְשֵׁ֔ךְ וּשְׁאֵרִיתֵ֖ךְ יַהֲרֹֽג׃ ,וְרָעוּ֙ בְּכֹורֵ֣י דַלִּ֔ים 
11472,459369,2_Samuel 13:19,תָּ֤שֶׂם ,Cmpl,וַתִּקַּ֨ח תָּמָ֥ר אֵ֨פֶר֙ עַל־רֹאשָׁ֔הּ וּכְתֹ֧נֶת הַפַּסִּ֛ים אֲשֶׁ֥ר עָלֶ֖יהָ קָרָ֑עָה וַתָּ֤שֶׂם יָדָהּ֙ עַל־רֹאשָׁ֔הּ וַתֵּ֥לֶךְ הָלֹ֖וךְ וְזָעָֽקָה׃ ,וַתָּ֤שֶׂם יָדָהּ֙ עַל־רֹאשָׁ֔הּ 
11542,459694,2_Samuel 15:6,יְגַנֵּב֙ ,Objc,וַיַּ֨עַשׂ אַבְשָׁלֹ֜ום כַּדָּבָ֤ר הַזֶּה֙ לְכָל־יִשְׂרָאֵ֔ל אֲשֶׁר־יָבֹ֥אוּ לַמִּשְׁפָּ֖ט אֶל־הַמֶּ֑לֶךְ וַיְגַנֵּב֙ אַבְשָׁלֹ֔ום אֶת־לֵ֖ב אַנְשֵׁ֥י יִשְׂרָאֵֽל׃ פ ,וַיְגַנֵּב֙ אַבְשָׁלֹ֔ום אֶת־לֵ֖ב אַנְשֵׁ֥י יִשְׂרָאֵֽל׃ פ 
7567,440874,Leviticus 27:14,יַעֲרִ֥יךְ ,Subj,וְאִ֗ישׁ כִּֽי־יַקְדִּ֨שׁ אֶת־בֵּיתֹ֥ו קֹ֨דֶשׁ֙ לַֽיהוָ֔ה וְהֶעֱרִיכֹו֙ הַכֹּהֵ֔ן בֵּ֥ין טֹ֖וב וּבֵ֣ין רָ֑ע כַּאֲשֶׁ֨ר יַעֲרִ֥יךְ אֹתֹ֛ו הַכֹּהֵ֖ן כֵּ֥ן יָקֽוּם׃ ,כַּאֲשֶׁ֨ר יַעֲרִ֥יךְ אֹתֹ֛ו הַכֹּהֵ֖ן 
13402,468235,Isaiah 1:24,אֶנָּחֵ֣ם ,Cmpl,לָכֵ֗ן נְאֻ֤ם הָֽאָדֹון֙ יְהוָ֣ה צְבָאֹ֔ות אֲבִ֖יר יִשְׂרָאֵ֑ל הֹ֚וי אֶנָּחֵ֣ם מִצָּרַ֔י וְאִנָּקְמָ֖ה מֵאֹויְבָֽי׃ ,הֹ֚וי אֶנָּחֵ֣ם מִצָּרַ֔י 
6627,437111,Exodus 33:10,רָאָ֤ה ,Objc,וְרָאָ֤ה כָל־הָעָם֙ אֶת־עַמּ֣וּד הֶֽעָנָ֔ן עֹמֵ֖ד פֶּ֣תַח הָאֹ֑הֶל וְקָ֤ם כָּל־הָעָם֙ וְהִֽשְׁתַּחֲוּ֔וּ אִ֖ישׁ פֶּ֥תַח אָהֳלֹֽו׃ ,וְרָאָ֤ה כָל־הָעָם֙ אֶת־עַמּ֣וּד הֶֽעָנָ֔ן 
13206,467406,2_Kings 19:14,יִּפְרְשֵׂ֥הוּ ,Cmpl,וַיִּקַּ֨ח חִזְקִיָּ֧הוּ אֶת־הַסְּפָרִ֛ים מִיַּ֥ד הַמַּלְאָכִ֖ים וַיִּקְרָאֵ֑ם וַיַּ֨עַל֙ בֵּ֣ית יְהוָ֔ה וַיִּפְרְשֵׂ֥הוּ חִזְקִיָּ֖הוּ לִפְנֵ֥י יְהוָֽה׃ פ ,וַיִּפְרְשֵׂ֥הוּ חִזְקִיָּ֖הוּ לִפְנֵ֥י יְהוָֽה׃ פ 
6782,437817,Exodus 40:18,יָּ֖קֶם ,Objc,וַיָּ֨קֶם מֹשֶׁ֜ה אֶת־הַמִּשְׁכָּ֗ן וַיִּתֵּן֙ אֶת־אֲדָנָ֔יו וַיָּ֨שֶׂם֙ אֶת־קְרָשָׁ֔יו וַיִּתֵּ֖ן אֶת־בְּרִיחָ֑יו וַיָּ֖קֶם אֶת־עַמּוּדָֽיו׃ ,וַיָּ֖קֶם אֶת־עַמּוּדָֽיו׃ 
4848,428268,Genesis 9:2,תִּרְמֹ֧שׂ ,Cmpl,וּמֹורַאֲכֶ֤ם וְחִתְּכֶם֙ יִֽהְיֶ֔ה עַ֚ל כָּל־חַיַּ֣ת הָאָ֔רֶץ וְעַ֖ל כָּל־עֹ֣וף הַשָּׁמָ֑יִם בְּכֹל֩ אֲשֶׁ֨ר תִּרְמֹ֧שׂ הָֽאֲדָמָ֛ה וּֽבְכָל־דְּגֵ֥י הַיָּ֖ם בְּיֶדְכֶ֥ם נִתָּֽנוּ׃ ,אֲשֶׁ֨ר תִּרְמֹ֧שׂ הָֽאֲדָמָ֛ה 
9754,451542,Judges 4:22,אַרְאֶ֔ךָּ ,Objc,וְהִנֵּ֣ה בָרָק֮ רֹדֵ֣ף אֶת־סִֽיסְרָא֒ וַתֵּצֵ֤א יָעֵל֙ לִקְרָאתֹ֔ו וַתֹּ֣אמֶר לֹ֔ו לֵ֣ךְ וְאַרְאֶ֔ךָּ אֶת־הָאִ֖ישׁ אֲשֶׁר־אַתָּ֣ה מְבַקֵּ֑שׁ וַיָּבֹ֣א אֵלֶ֔יהָ וְהִנֵּ֤ה סִֽיסְרָא֙ נֹפֵ֣ל מֵ֔ת וְהַיָּתֵ֖ד בְּרַקָּתֹֽו׃ ,וְאַרְאֶ֔ךָּ אֶת־הָאִ֖ישׁ 
17482,497131,Psalms 141:2,תִּכֹּ֤ון ,Cmpl,תִּכֹּ֤ון תְּפִלָּתִ֣י קְטֹ֣רֶת לְפָנֶ֑יךָ מַֽשְׂאַ֥ת כַּ֝פַּ֗י מִנְחַת־עָֽרֶב׃ ,תִּכֹּ֤ון תְּפִלָּתִ֣י קְטֹ֣רֶת לְפָנֶ֑יךָ 
9667,451217,Judges 1:35,יֹּ֤ואֶל ,Subj,וַיֹּ֤ואֶל הָֽאֱמֹרִי֙ לָשֶׁ֣בֶת בְּהַר־חֶ֔רֶס בְּאַיָּלֹ֖ון וּבְשַֽׁעַלְבִ֑ים וַתִּכְבַּד֙ יַ֣ד בֵּית־יֹוסֵ֔ף וַיִּהְי֖וּ לָמַֽס׃ ,וַיֹּ֤ואֶל הָֽאֱמֹרִי֙ 
11005,457186,1_Samuel 25:13,יֹּאמֶר֩ ,Cmpl,וַיֹּאמֶר֩ דָּוִ֨ד לַאֲנָשָׁ֜יו חִגְר֣וּ׀ אִ֣ישׁ אֶת־חַרְבֹּ֗ו וַֽיַּחְגְּרוּ֙ אִ֣ישׁ אֶת־חַרְבֹּ֔ו וַיַּחְגֹּ֥ר גַּם־דָּוִ֖ד אֶת־חַרְבֹּ֑ו וַֽיַּעֲל֣וּ׀ אַחֲרֵ֣י דָוִ֗ד כְּאַרְבַּ֤ע מֵאֹות֙ אִ֔ישׁ וּמָאתַ֖יִם יָשְׁב֥וּ עַל־הַכֵּלִֽים׃ ,וַיֹּאמֶר֩ דָּוִ֨ד לַאֲנָשָׁ֜יו 
9649,451150,Judges 1:14,תִּצְנַ֖ח ,Cmpl,וַיְהִ֣י בְּבֹואָ֗הּ וַתְּסִיתֵ֨הוּ֙ לִשְׁאֹ֤ול מֵֽאֵת־אָבִ֨יהָ֙ הַשָּׂדֶ֔ה וַתִּצְנַ֖ח מֵעַ֣ל הַחֲמֹ֑ור וַיֹּֽאמֶר־לָ֥הּ כָּלֵ֖ב מַה־לָּֽךְ׃ ,וַתִּצְנַ֖ח מֵעַ֣ל הַחֲמֹ֑ור 
18428,505423,Esther 2:23,יִּכָּתֵ֗ב ,Adju,וַיְבֻקַּ֤שׁ הַדָּבָר֙ וַיִּמָּצֵ֔א וַיִּתָּל֥וּ שְׁנֵיהֶ֖ם עַל־עֵ֑ץ וַיִּכָּתֵ֗ב בְּסֵ֛פֶר דִּבְרֵ֥י הַיָּמִ֖ים לִפְנֵ֥י הַמֶּֽלֶךְ׃ פ ,וַיִּכָּתֵ֗ב בְּסֵ֛פֶר דִּבְרֵ֥י הַיָּמִ֖ים לִפְנֵ֥י הַמֶּֽלֶךְ׃ פ 
12059,462163,1_Kings 7:40,עָשָׂ֛ה ,Objc,וַיַּ֣עַשׂ חִירֹ֔ום אֶת־הַ֨כִּיֹּרֹ֔ות וְאֶת־הַיָּעִ֖ים וְאֶת־הַמִּזְרָקֹ֑ות וַיְכַ֣ל חִירָ֗ם לַֽעֲשֹׂות֙ אֶת־כָּל־הַמְּלָאכָ֔ה אֲשֶׁ֥ר עָשָׂ֛ה לַמֶּ֥לֶךְ שְׁלֹמֹ֖ה בֵּ֥ית יְהוָֽה׃ ,אֲשֶׁ֥ר עָשָׂ֛ה לַמֶּ֥לֶךְ שְׁלֹמֹ֖ה בֵּ֥ית יְהוָֽה׃ 
16657,490561,Psalms 10:3,הִלֵּ֣ל ,Cmpl,כִּֽי־הִלֵּ֣ל רָ֭שָׁע עַל־תַּאֲוַ֣ת נַפְשֹׁ֑ו וּבֹצֵ֥עַ בֵּ֝רֵ֗ךְ נִ֘אֵ֥ץ׀ יְהוָֽה׃ ,כִּֽי־הִלֵּ֣ל רָ֭שָׁע עַל־תַּאֲוַ֣ת נַפְשֹׁ֑ו 
16156,487305,Amos 9:15,נְטַעְתִּ֖ים ,Cmpl,וּנְטַעְתִּ֖ים עַל־אַדְמָתָ֑ם וְלֹ֨א יִנָּתְשׁ֜וּ עֹ֗וד מֵעַ֤ל אַדְמָתָם֙ אֲשֶׁ֣ר נָתַ֣תִּי לָהֶ֔ם אָמַ֖ר יְהוָ֥ה אֱלֹהֶֽיךָ׃ ,וּנְטַעְתִּ֖ים עַל־אַדְמָתָ֑ם 
7791,442093,Numbers 11:17,תִשָּׂ֥א ,Adju,וְיָרַדְתִּ֗י וְדִבַּרְתִּ֣י עִמְּךָ֮ שָׁם֒ וְאָצַלְתִּ֗י מִן־הָר֛וּחַ אֲשֶׁ֥ר עָלֶ֖יךָ וְשַׂמְתִּ֣י עֲלֵיהֶ֑ם וְנָשְׂא֤וּ אִתְּךָ֙ בְּמַשָּׂ֣א הָעָ֔ם וְלֹא־תִשָּׂ֥א אַתָּ֖ה לְבַדֶּֽךָ׃ ,וְלֹא־תִשָּׂ֥א אַתָּ֖ה לְבַדֶּֽךָ׃ 
12620,464679,1_Kings 22:37,יָּ֣מָת ,Subj,וַיָּ֣מָת הַמֶּ֔לֶךְ וַיָּבֹ֖וא שֹׁמְרֹ֑ון וַיִּקְבְּר֥וּ אֶת־הַמֶּ֖לֶךְ בְּשֹׁמְרֹֽון׃ ,וַיָּ֣מָת הַמֶּ֔לֶךְ 
15054,480060,Ezekiel 1:15,אֵ֖רֶא ,Objc,וָאֵ֖רֶא הַחַיֹּ֑ות וְהִנֵּה֩ אֹופַ֨ן אֶחָ֥ד בָּאָ֛רֶץ אֵ֥צֶל הַחַיֹּ֖ות לְאַרְבַּ֥עַת פָּנָֽיו׃ ,וָאֵ֖רֶא הַחַיֹּ֑ות 
12803,465629,2_Kings 6:15,יַּשְׁכֵּם ,Subj,וַ֠יַּשְׁכֵּם מְשָׁרֵ֨ת אִ֥ישׁ הָֽאֱלֹהִים֮ לָקוּם֒ וַיֵּצֵ֕א וְהִנֵּה־חַ֛יִל סֹובֵ֥ב אֶת־הָעִ֖יר וְס֣וּס וָרָ֑כֶב וַיֹּ֨אמֶר נַעֲרֹ֥ו אֵלָ֛יו אֲהָ֥הּ אֲדֹנִ֖י אֵיכָ֥ה נַֽעֲשֶֽׂה׃ ,וַ֠יַּשְׁכֵּם מְשָׁרֵ֨ת אִ֥ישׁ הָֽאֱלֹהִים֮ 
10581,455119,1_Samuel 11:9,תֹֽאמְרוּן֙ ,Cmpl,וַיֹּאמְר֞וּ לַמַּלְאָכִ֣ים הַבָּאִ֗ים כֹּ֤ה תֹֽאמְרוּן֙ לְאִישׁ֙ יָבֵ֣ישׁ גִּלְעָ֔ד מָחָ֛ר תִּהְיֶֽה־לָכֶ֥ם תְּשׁוּעָ֖ה כְּחֹ֣ם הַשָּׁ֑מֶשׁ וַיָּבֹ֣אוּ הַמַּלְאָכִ֗ים וַיַּגִּ֛ידוּ לְאַנְשֵׁ֥י יָבֵ֖ישׁ וַיִּשְׂמָֽחוּ׃ ,כֹּ֤ה תֹֽאמְרוּן֙ לְאִישׁ֙ יָבֵ֣ישׁ גִּלְעָ֔ד 
19283,512934,2_Chronicles 7:13,אֶֽעֱצֹ֤ר ,Objc,הֵ֣ן אֶֽעֱצֹ֤ר הַשָּׁמַ֨יִם֙ וְלֹֽא־יִהְיֶ֣ה מָטָ֔ר וְהֵן־אֲצַוֶּ֥ה עַל־חָגָ֖ב לֶאֱכֹ֣ול הָאָ֑רֶץ וְאִם־אֲשַׁלַּ֥ח דֶּ֖בֶר בְּעַמִּֽי׃ ,הֵ֣ן אֶֽעֱצֹ֤ר הַשָּׁמַ֨יִם֙ 
12602,464601,1_Kings 22:21,יֵּצֵ֣א ,Subj,וַיֵּצֵ֣א הָר֗וּחַ וַֽיַּעֲמֹד֙ לִפְנֵ֣י יְהוָ֔ה וַיֹּ֖אמֶר אֲנִ֣י אֲפַתֶּ֑נּוּ וַיֹּ֧אמֶר יְהוָ֛ה אֵלָ֖יו בַּמָּֽה׃ ,וַיֵּצֵ֣א הָר֗וּחַ 
6685,437350,Exodus 35:21,יָּבֹ֕אוּ ,Subj,וַיָּבֹ֕אוּ כָּל־אִ֖ישׁ אֲשֶׁר־נְשָׂאֹ֣ו לִבֹּ֑ו וְכֹ֡ל אֲשֶׁר֩ נָדְבָ֨ה רוּחֹ֜ו אֹתֹ֗ו הֵ֠בִיאוּ אֶת־תְּרוּמַ֨ת יְהוָ֜ה לִמְלֶ֨אכֶת אֹ֤הֶל מֹועֵד֙ וּלְכָל־עֲבֹ֣דָתֹ֔ו וּלְבִגְדֵ֖י הַקֹּֽדֶשׁ׃ ,וַיָּבֹ֕אוּ כָּל־אִ֖ישׁ 
18086,503100,Ruth 3:6,תַּ֕עַשׂ ,Cmpl,וַתֵּ֖רֶד הַגֹּ֑רֶן וַתַּ֕עַשׂ כְּכֹ֥ל אֲשֶׁר־צִוַּ֖תָּה חֲמֹותָֽהּ׃ ,וַתַּ֕עַשׂ כְּכֹ֥ל 
16170,487360,Obadiah 1:14,תַּעֲמֹד֙ ,Cmpl,וְאַֽל־תַּעֲמֹד֙ עַל־הַפֶּ֔רֶק לְהַכְרִ֖ית אֶת־פְּלִיטָ֑יו וְאַל־תַּסְגֵּ֥ר שְׂרִידָ֖יו בְּיֹ֥ום צָרָֽה׃ ,וְאַֽל־תַּעֲמֹד֙ עַל־הַפֶּ֔רֶק 
10135,453168,Judges 16:19,תְּיַשְּׁנֵ֨הוּ֙ ,Cmpl,וַתְּיַשְּׁנֵ֨הוּ֙ עַל־בִּרְכֶּ֔יהָ וַתִּקְרָ֣א לָאִ֔ישׁ וַתְּגַלַּ֕ח אֶת־שֶׁ֖בַע מַחְלְפֹ֣ות רֹאשֹׁ֑ו וַתָּ֨חֶל֙ לְעַנֹּותֹ֔ו וַיָּ֥סַר כֹּחֹ֖ו מֵעָלָֽיו׃ ,וַתְּיַשְּׁנֵ֨הוּ֙ עַל־בִּרְכֶּ֔יהָ 
12419,463570,1_Kings 16:31,יַּעֲבֹ֣ד ,Objc,וַיְהִי֙ הֲנָקֵ֣ל לֶכְתֹּ֔ו בְּחַטֹּ֖אות יָרָבְעָ֣ם בֶּן־נְבָ֑ט וַיִּקַּ֨ח אִשָּׁ֜ה אֶת־אִיזֶ֗בֶל בַּת־אֶתְבַּ֨עַל֙ מֶ֣לֶךְ צִידֹנִ֔ים וַיֵּ֨לֶךְ֙ וַֽיַּעֲבֹ֣ד אֶת־הַבַּ֔עַל וַיִּשְׁתַּ֖חוּ לֹֽו׃ ,וַֽיַּעֲבֹ֣ד אֶת־הַבַּ֔עַל 
18843,509365,Nehemiah 9:18,יַּעֲשׂ֔וּ ,Objc,אַ֗ף כִּֽי־עָשׂ֤וּ לָהֶם֙ עֵ֣גֶל מַסֵּכָ֔ה וַיֹּ֣אמְר֔וּ זֶ֣ה אֱלֹהֶ֔יךָ אֲשֶׁ֥ר הֶעֶלְךָ֖ מִמִּצְרָ֑יִם וַֽיַּעֲשׂ֔וּ נֶאָצֹ֖ות גְּדֹלֹֽות׃ ,וַֽיַּעֲשׂ֔וּ נֶאָצֹ֖ות גְּדֹלֹֽות׃ 
10610,455293,1_Samuel 13:4,הִכָּ֤ה ,Objc,וְכָל־יִשְׂרָאֵ֞ל שָׁמְע֣וּ לֵאמֹ֗ר הִכָּ֤ה שָׁאוּל֙ אֶת־נְצִ֣יב פְּלִשְׁתִּ֔ים וְגַם־נִבְאַשׁ יִשְׂרָאֵ֖ל בַּפְּלִשְׁתִּ֑ים וַיִּצָּעֲק֥וּ הָעָ֛ם אַחֲרֵ֥י שָׁא֖וּל הַגִּלְגָּֽל׃ ,הִכָּ֤ה שָׁאוּל֙ אֶת־נְצִ֣יב פְּלִשְׁתִּ֔ים 
11491,459477,2_Samuel 14:1,יֵּ֖דַע ,Subj,וַיֵּ֖דַע יֹואָ֣ב בֶּן־צְרֻיָ֑ה כִּֽי־לֵ֥ב הַמֶּ֖לֶךְ עַל־אַבְשָׁלֹֽום׃ ,וַיֵּ֖דַע יֹואָ֣ב בֶּן־צְרֻיָ֑ה 
18294,504714,Ecclesiastes 12:9,לִמַּד־,Objc,וְיֹתֵ֕ר שֶׁהָיָ֥ה קֹהֶ֖לֶת חָכָ֑ם עֹ֗וד לִמַּד־דַּ֨עַת֙ אֶת־הָעָ֔ם וְאִזֵּ֣ן וְחִקֵּ֔ר תִּקֵּ֖ן מְשָׁלִ֥ים הַרְבֵּֽה׃ ,עֹ֗וד לִמַּד־דַּ֨עַת֙ אֶת־הָעָ֔ם 
13452,468588,Isaiah 6:7,נָגַ֥ע ,Cmpl,וַיַּגַּ֣ע עַל־פִּ֔י וַיֹּ֕אמֶר הִנֵּ֛ה נָגַ֥ע זֶ֖ה עַל־שְׂפָתֶ֑יךָ וְסָ֣ר עֲוֹנֶ֔ךָ וְחַטָּאתְךָ֖ תְּכֻפָּֽר׃ ,הִנֵּ֛ה נָגַ֥ע זֶ֖ה עַל־שְׂפָתֶ֑יךָ 
10091,452978,Judges 15:6,יִּתְּנָ֖הּ ,Cmpl,וַיֹּאמְר֣וּ פְלִשְׁתִּים֮ מִ֣י עָ֣שָׂה זֹאת֒ וַיֹּאמְר֗וּ שִׁמְשֹׁון֙ חֲתַ֣ן הַתִּמְנִ֔י כִּ֚י לָקַ֣ח אֶת־אִשְׁתֹּ֔ו וַֽיִּתְּנָ֖הּ לְמֵרֵעֵ֑הוּ וַיַּעֲל֣וּ פְלִשְׁתִּ֔ים וַיִּשְׂרְפ֥וּ אֹותָ֛הּ וְאֶת־אָבִ֖יהָ בָּאֵֽשׁ׃ ,וַֽיִּתְּנָ֖הּ לְמֵרֵעֵ֑הוּ 
16691,490875,Psalms 18:16,יִּגָּלוּ֮ ,Adju,וַיֵּ֤רָא֨וּ׀ אֲפִ֥יקֵי מַ֗יִם וַֽיִּגָּלוּ֮ מֹוסְדֹ֪ות תֵּ֫בֵ֥ל מִגַּעֲרָ֣תְךָ֣ יְהוָ֑ה מִ֝נִּשְׁמַ֗ת ר֣וּחַ אַפֶּֽךָ׃ ,וַֽיִּגָּלוּ֮ מֹוסְדֹ֪ות תֵּ֫בֵ֥ל מִגַּעֲרָ֣תְךָ֣ 
10312,453921,Judges 21:22,יָבֹ֣אוּ ,Subj,וְהָיָ֡ה כִּֽי־יָבֹ֣אוּ אֲבֹותָם֩ אֹ֨ו אֲחֵיהֶ֜ם לָרִ֣יב ׀ אֵלֵ֗ינוּ וְאָמַ֤רְנוּ אֲלֵיהֶם֙ חָנּ֣וּנוּ אֹותָ֔ם כִּ֣י לֹ֥א לָקַ֛חְנוּ אִ֥ישׁ אִשְׁתֹּ֖ו בַּמִּלְחָמָ֑ה כִּ֣י לֹ֥א אַתֶּ֛ם נְתַתֶּ֥ם לָהֶ֖ם כָּעֵ֥ת תֶּאְשָֽׁמוּ׃ ס ,כִּֽי־יָבֹ֣אוּ אֲבֹותָם֩ אֹ֨ו אֲחֵיהֶ֜ם 
5475,431705,Genesis 37:17,יֹּ֤אמֶר ,Subj,וַיֹּ֤אמֶר הָאִישׁ֙ נָסְע֣וּ מִזֶּ֔ה כִּ֤י שָׁמַ֨עְתִּי֙ אֹֽמְרִ֔ים נֵלְכָ֖ה דֹּתָ֑יְנָה וַיֵּ֤לֶךְ יֹוסֵף֙ אַחַ֣ר אֶחָ֔יו וַיִּמְצָאֵ֖ם בְּדֹתָֽן׃ ,וַיֹּ֤אמֶר הָאִישׁ֙ 
16638,490463,Psalms 7:18,אֲזַמְּרָ֗ה ,Objc,אֹודֶ֣ה יְהוָ֣ה כְּצִדְקֹ֑ו וַ֝אֲזַמְּרָ֗ה שֵֽׁם־יְהוָ֥ה עֶלְיֹֽון׃ ,וַ֝אֲזַמְּרָ֗ה שֵֽׁם־יְהוָ֥ה עֶלְיֹֽון׃ 
7108,439095,Leviticus 13:31,יִרְאֶ֨ה ,Objc,וְכִֽי־יִרְאֶ֨ה הַכֹּהֵ֜ן אֶת־נֶ֣גַע הַנֶּ֗תֶק וְהִנֵּ֤ה אֵין־מַרְאֵ֨הוּ֙ עָמֹ֣ק מִן־הָעֹ֔ור וְשֵׂעָ֥ר שָׁחֹ֖ר אֵ֣ין בֹּ֑ו וְהִסְגִּ֧יר הַכֹּהֵ֛ן אֶת־נֶ֥גַע הַנֶּ֖תֶק שִׁבְעַ֥ת יָמִֽים׃ ,וְכִֽי־יִרְאֶ֨ה הַכֹּהֵ֜ן אֶת־נֶ֣גַע הַנֶּ֗תֶק 
18435,505472,Esther 3:10,יָּ֧סַר ,Cmpl,וַיָּ֧סַר הַמֶּ֛לֶךְ אֶת־טַבַּעְתֹּ֖ו מֵעַ֣ל יָדֹ֑ו וַֽיִּתְּנָ֗הּ לְהָמָ֧ן בֶּֽן־הַמְּדָ֛תָא הָאֲגָגִ֖י צֹרֵ֥ר הַיְּהוּדִֽים׃ ,וַיָּ֧סַר הַמֶּ֛לֶךְ אֶת־טַבַּעְתֹּ֖ו מֵעַ֣ל יָדֹ֑ו 
15653,483923,Ezekiel 34:27,הִ֨צַּלְתִּ֔ים ,Cmpl,וְנָתַן֩ עֵ֨ץ הַשָּׂדֶ֜ה אֶת־פִּרְיֹ֗ו וְהָאָ֨רֶץ֙ תִּתֵּ֣ן יְבוּלָ֔הּ וְהָי֥וּ עַל־אַדְמָתָ֖ם לָבֶ֑טַח וְֽיָדְע֞וּ כִּי־אֲנִ֣י יְהוָ֗ה בְּשִׁבְרִי֙ אֶת־מֹטֹ֣ות עֻלָּ֔ם וְהִ֨צַּלְתִּ֔ים מִיַּ֖ד הָעֹבְדִ֥ים בָּהֶֽם׃ ,וְהִ֨צַּלְתִּ֔ים מִיַּ֖ד 
4749,427729,Genesis 2:15,יִּקַּ֛ח ,Objc,וַיִּקַּ֛ח יְהוָ֥ה אֱלֹהִ֖ים אֶת־הָֽאָדָ֑ם וַיַּנִּחֵ֣הוּ בְגַן־עֵ֔דֶן לְעָבְדָ֖הּ וּלְשָׁמְרָֽהּ׃ ,וַיִּקַּ֛ח יְהוָ֥ה אֱלֹהִ֖ים אֶת־הָֽאָדָ֑ם 
13642,469975,Isaiah 26:5,יַשְׁפִּילָהּ֙ ,Adju,כִּ֤י הֵשַׁח֙ יֹשְׁבֵ֣י מָרֹ֔ום קִרְיָ֖ה נִשְׂגָּבָ֑ה יַשְׁפִּילֶ֤נָּה יַשְׁפִּילָהּ֙ עַד־אֶ֔רֶץ יַגִּיעֶ֖נָּה עַד־עָפָֽר׃ ,יַשְׁפִּילָהּ֙ עַד־אֶ֔רֶץ 
5511,431848,Genesis 38:12,יִּרְבּוּ֙ ,Subj,וַיִּרְבּוּ֙ הַיָּמִ֔ים וַתָּ֖מָת בַּת־שׁ֣וּעַ אֵֽשֶׁת־יְהוּדָ֑ה וַיִּנָּ֣חֶם יְהוּדָ֗ה וַיַּ֜עַל עַל־גֹּֽזֲזֵ֤י צֹאנֹו֙ ה֗וּא וְחִירָ֛ה רֵעֵ֥הוּ הָעֲדֻלָּמִ֖י תִּמְנָֽתָה׃ ,וַיִּרְבּוּ֙ הַיָּמִ֔ים 
19157,512339,1_Chronicles 29:23,יֵּ֣שֶׁב ,Adju,וַיֵּ֣שֶׁב שְׁ֠לֹמֹה עַל־כִּסֵּ֨א יְהוָ֧ה׀ לְמֶ֛לֶךְ תַּֽחַת־דָּוִ֥יד אָבִ֖יו וַיַּצְלַ֑ח וַיִּשְׁמְע֥וּ אֵלָ֖יו כָּל־יִשְׂרָאֵֽל׃ ,וַיֵּ֣שֶׁב שְׁ֠לֹמֹה עַל־כִּסֵּ֨א יְהוָ֧ה׀ לְמֶ֛לֶךְ תַּֽחַת־דָּוִ֥יד אָבִ֖יו 
10668,455627,1_Samuel 15:2,אָמַר֙ ,Subj,כֹּ֤ה אָמַר֙ יְהוָ֣ה צְבָאֹ֔ות פָּקַ֕דְתִּי אֵ֛ת אֲשֶׁר־עָשָׂ֥ה עֲמָלֵ֖ק לְיִשְׂרָאֵ֑ל אֲשֶׁר־שָׂ֥ם לֹו֙ בַּדֶּ֔רֶךְ בַּעֲלֹתֹ֖ו מִמִּצְרָֽיִם׃ ,כֹּ֤ה אָמַר֙ יְהוָ֣ה צְבָאֹ֔ות 
12028,461953,1_Kings 6:12,שָׁמַרְתָּ֥ ,Objc,הַבַּ֨יִת הַזֶּ֜ה אֲשֶׁר־אַתָּ֣ה בֹנֶ֗ה אִם־תֵּלֵ֤ךְ בְּחֻקֹּתַי֙ וְאֶת־מִשְׁפָּטַ֣י תַּֽעֲשֶׂ֔ה וְשָׁמַרְתָּ֥ אֶת־כָּל־מִצְוֹתַ֖י לָלֶ֣כֶת בָּהֶ֑ם וַהֲקִמֹתִ֤י אֶת־דְּבָרִי֙ אִתָּ֔ךְ אֲשֶׁ֥ר דִּבַּ֖רְתִּי אֶל־דָּוִ֥ד אָבִֽיךָ׃ ,וְשָׁמַרְתָּ֥ אֶת־כָּל־מִצְוֹתַ֖י 
15208,481190,Ezekiel 13:10,הִטְע֧וּ ,Objc,יַ֣עַן וּבְיַ֜עַן הִטְע֧וּ אֶת־עַמִּ֛י לֵאמֹ֥ר שָׁלֹ֖ום וְאֵ֣ין שָׁלֹ֑ום וְהוּא֙ בֹּ֣נֶה חַ֔יִץ וְהִנָּ֛ם טָחִ֥ים אֹתֹ֖ו תָּפֵֽל׃ ,וּבְיַ֜עַן הִטְע֧וּ אֶת־עַמִּ֛י 
15716,484300,Ezekiel 37:21,קִבַּצְתִּ֤י ,Cmpl,וְדַבֵּ֣ר אֲלֵיהֶ֗ם כֹּֽה־אָמַר֮ אֲדֹנָ֣י יְהוִה֒ הִנֵּ֨ה אֲנִ֤י לֹקֵ֨חַ֙ אֶת־בְּנֵ֣י יִשְׂרָאֵ֔ל מִבֵּ֥ין הַגֹּויִ֖ם אֲשֶׁ֣ר הָֽלְכוּ־שָׁ֑ם וְקִבַּצְתִּ֤י אֹתָם֙ מִסָּבִ֔יב וְהֵבֵאתִ֥י אֹותָ֖ם אֶל־אַדְמָתָֽם׃ ,וְקִבַּצְתִּ֤י אֹתָם֙ מִסָּבִ֔יב 
15917,485636,Hosea 2:14,שַׂמְתִּ֣ים ,Cmpl,וַהֲשִׁמֹּתִ֗י גַּפְנָהּ֙ וּתְאֵ֣נָתָ֔הּ אֲשֶׁ֣ר אָמְרָ֗ה אֶתְנָ֥ה הֵ֨מָּה֙ לִ֔י אֲשֶׁ֥ר נָֽתְנוּ־לִ֖י מְאַֽהֲבָ֑י וְשַׂמְתִּ֣ים לְיַ֔עַר וַאֲכָלָ֖תַם חַיַּ֥ת הַשָּׂדֶֽה׃ ,וְשַׂמְתִּ֣ים לְיַ֔עַר 
17375,496194,Psalms 119:18,אַבִּ֑יטָה ,Objc,גַּל־עֵינַ֥י וְאַבִּ֑יטָה נִ֝פְלָאֹ֗ות מִתֹּורָתֶֽךָ׃ ,וְאַבִּ֑יטָה נִ֝פְלָאֹ֗ות מִתֹּורָתֶֽךָ׃ 
9670,451226,Judges 2:1,נִשְׁבַּ֨עְתִּי֙ ,Cmpl,וַיַּ֧עַל מַלְאַךְ־יְהוָ֛ה מִן־הַגִּלְגָּ֖ל אֶל־הַבֹּכִ֑ים פ וַיֹּאמֶר֩ אַעֲלֶ֨ה אֶתְכֶ֜ם מִמִּצְרַ֗יִם וָאָבִ֤יא אֶתְכֶם֙ אֶל־הָאָ֗רֶץ אֲשֶׁ֤ר נִשְׁבַּ֨עְתִּי֙ לַאֲבֹ֣תֵיכֶ֔ם וָאֹמַ֕ר לֹֽא־אָפֵ֧ר בְּרִיתִ֛י אִתְּכֶ֖ם לְעֹולָֽם׃ ,אֲשֶׁ֤ר נִשְׁבַּ֨עְתִּי֙ לַאֲבֹ֣תֵיכֶ֔ם 
6792,437830,Exodus 40:23,יַּעֲרֹ֥ךְ ,Loca,וַיַּעֲרֹ֥ךְ עָלָ֛יו עֵ֥רֶךְ לֶ֖חֶם לִפְנֵ֣י יְהוָ֑ה כַּאֲשֶׁ֛ר צִוָּ֥ה יְהוָ֖ה אֶת־מֹשֶֽׁה׃ ס ,וַיַּעֲרֹ֥ךְ עָלָ֛יו עֵ֥רֶךְ לֶ֖חֶם לִפְנֵ֣י יְהוָ֑ה 
15912,485609,Hosea 2:8,גָֽדַרְתִּי֙ ,Objc,לָכֵ֛ן הִנְנִי־שָׂ֥ךְ אֶת־דַּרְכֵּ֖ךְ בַּסִּירִ֑ים וְגָֽדַרְתִּי֙ אֶת־גְּדֵרָ֔הּ וּנְתִיבֹותֶ֖יהָ לֹ֥א תִמְצָֽא׃ ,וְגָֽדַרְתִּי֙ אֶת־גְּדֵרָ֔הּ 
16344,488646,Zephaniah 2:7,יִפְקְדֵ֛ם ,Subj,וְהָ֣יָה חֶ֗בֶל לִשְׁאֵרִ֛ית בֵּ֥ית יְהוּדָ֖ה עֲלֵיהֶ֣ם יִרְע֑וּן בְּבָתֵּ֣י אַשְׁקְלֹ֗ון בָּעֶ֨רֶב֙ יִרְבָּצ֔וּן כִּ֧י יִפְקְדֵ֛ם יְהוָ֥ה אֱלֹהֵיהֶ֖ם וְשָׁ֥ב שְׁבִיתָֽם׃,כִּ֧י יִפְקְדֵ֛ם יְהוָ֥ה אֱלֹהֵיהֶ֖ם 
11631,460151,2_Samuel 18:9,יָּבֹ֣א ,Cmpl,וַיִּקָּרֵא֙ אַבְשָׁלֹ֔ום לִפְנֵ֖י עַבְדֵ֣י דָוִ֑ד וְאַבְשָׁלֹ֞ום רֹכֵ֣ב עַל־הַפֶּ֗רֶד וַיָּבֹ֣א הַפֶּ֡רֶד תַּ֣חַת שֹׂובֶךְ֩ הָאֵלָ֨ה הַגְּדֹולָ֜ה וַיֶּחֱזַ֧ק רֹאשֹׁ֣ו בָאֵלָ֗ה וַיֻּתַּן֙ בֵּ֤ין הַשָּׁמַ֨יִם֙ וּבֵ֣ין הָאָ֔רֶץ וְהַפֶּ֥רֶד אֲשֶׁר־תַּחְתָּ֖יו עָבָֽר׃ ,וַיָּבֹ֣א הַפֶּ֡רֶד תַּ֣חַת שֹׂובֶךְ֩ הָאֵלָ֨ה הַגְּדֹולָ֜ה 
11432,459191,2_Samuel 12:20,יָּקָם֩ ,Cmpl,וַיָּקָם֩ דָּוִ֨ד מֵהָאָ֜רֶץ וַיִּרְחַ֣ץ וַיָּ֗סֶךְ וַיְחַלֵּף֙ שִׂמְלֹתָ֔יו וַיָּבֹ֥א בֵית־יְהוָ֖ה וַיִּשְׁתָּ֑חוּ וַיָּבֹא֙ אֶל־בֵּיתֹ֔ו וַיִּשְׁאַ֕ל וַיָּשִׂ֥ימוּ לֹ֛ו לֶ֖חֶם וַיֹּאכַֽל׃ ,וַיָּקָם֩ דָּוִ֨ד מֵהָאָ֜רֶץ 
15481,482971,Ezekiel 26:13,הִשְׁבַּתִּ֖י ,Objc,וְהִשְׁבַּתִּ֖י הֲמֹ֣ון שִׁירָ֑יִךְ וְקֹ֣ול כִּנֹּורַ֔יִךְ לֹ֥א יִשָּׁמַ֖ע עֹֽוד׃ ,וְהִשְׁבַּתִּ֖י הֲמֹ֣ון שִׁירָ֑יִךְ 
13800,471163,Isaiah 38:22,אֶעֱלֶ֖ה ,Cmpl,וַיֹּ֥אמֶר חִזְקִיָּ֖הוּ מָ֣ה אֹ֑ות כִּ֥י אֶעֱלֶ֖ה בֵּ֥ית יְהוָֽה׃ ס ,כִּ֥י אֶעֱלֶ֖ה בֵּ֥ית יְהוָֽה׃ ס 
11805,460872,2_Samuel 22:47,יָרֻ֕ם ,Subj,חַי־יְהוָ֖ה וּבָר֣וּךְ צוּרִ֑י וְיָרֻ֕ם אֱלֹהֵ֖י צ֥וּר יִשְׁעִֽי׃ ,וְיָרֻ֕ם אֱלֹהֵ֖י צ֥וּר יִשְׁעִֽי׃ 
14319,476046,Jeremiah 19:10,שָׁבַרְתָּ֖ ,Adju,וְשָׁבַרְתָּ֖ הַבַּקְבֻּ֑ק לְעֵינֵי֙ הָֽאֲנָשִׁ֔ים הַהֹלְכִ֖ים אֹותָֽךְ׃ ,וְשָׁבַרְתָּ֖ הַבַּקְבֻּ֑ק לְעֵינֵי֙ הָֽאֲנָשִׁ֔ים 
12031,461958,1_Kings 6:13,אֶעֱזֹ֖ב ,Objc,וְשָׁ֣כַנְתִּ֔י בְּתֹ֖וךְ בְּנֵ֣י יִשְׂרָאֵ֑ל וְלֹ֥א אֶעֱזֹ֖ב אֶת־עַמִּ֥י יִשְׂרָאֵֽל׃ ס ,וְלֹ֥א אֶעֱזֹ֖ב אֶת־עַמִּ֥י יִשְׂרָאֵֽל׃ ס 
8271,444673,Numbers 34:13,יְצַ֣ו ,Objc,וַיְצַ֣ו מֹשֶׁ֔ה אֶת־בְּנֵ֥י יִשְׂרָאֵ֖ל לֵאמֹ֑ר זֹ֣את הָאָ֗רֶץ אֲשֶׁ֨ר תִּתְנַחֲל֤וּ אֹתָהּ֙ בְּגֹורָ֔ל אֲשֶׁר֙ צִוָּ֣ה יְהוָ֔ה לָתֵ֛ת לְתִשְׁעַ֥ת הַמַּטֹּ֖ות וַחֲצִ֥י הַמַּטֶּֽה׃ ,וַיְצַ֣ו מֹשֶׁ֔ה אֶת־בְּנֵ֥י יִשְׂרָאֵ֖ל 
5064,429546,Genesis 22:13,יִּשָּׂ֨א ,Objc,וַיִּשָּׂ֨א אַבְרָהָ֜ם אֶת־עֵינָ֗יו וַיַּרְא֙ וְהִנֵּה־אַ֔יִל אַחַ֕ר נֶאֱחַ֥ז בַּסְּבַ֖ךְ בְּקַרְנָ֑יו וַיֵּ֤לֶךְ אַבְרָהָם֙ וַיִּקַּ֣ח אֶת־הָאַ֔יִל וַיַּעֲלֵ֥הוּ לְעֹלָ֖ה תַּ֥חַת בְּנֹֽו׃ ,וַיִּשָּׂ֨א אַבְרָהָ֜ם אֶת־עֵינָ֗יו 
13724,470824,Isaiah 36:4,אָמַ֞ר ,Subj,וַיֹּ֤אמֶר אֲלֵיהֶם֙ רַב־שָׁקֵ֔ה אִמְרוּ־נָ֖א אֶל־חִזְקִיָּ֑הוּ כֹּֽה־אָמַ֞ר הַמֶּ֤לֶךְ הַגָּדֹול֙ מֶ֣לֶךְ אַשּׁ֔וּר מָ֧ה הַבִּטָּחֹ֛ון הַזֶּ֖ה אֲשֶׁ֥ר בָּטָֽחְתָּ׃ ,כֹּֽה־אָמַ֞ר הַמֶּ֤לֶךְ הַגָּדֹול֙ מֶ֣לֶךְ אַשּׁ֔וּר 
15382,482233,Ezekiel 21:3,אָֽמַרְתָּ֙ ,Cmpl,וְאָֽמַרְתָּ֙ לְיַ֣עַר הַנֶּ֔גֶב שְׁמַ֖ע דְּבַר־יְהוָ֑ה כֹּֽה־אָמַ֣ר אֲדֹנָ֣י יְהוִ֡ה הִנְנִ֣י מַֽצִּית־בְּךָ֣׀ אֵ֡שׁ וְאָכְלָ֣ה בְךָ֣ כָל־עֵֽץ־לַח֩ וְכָל־עֵ֨ץ יָבֵ֤שׁ לֹֽא־תִכְבֶּה֙ לַהֶ֣בֶת שַׁלְהֶ֔בֶת וְנִצְרְבוּ־בָ֥הּ כָּל־פָּנִ֖ים מִנֶּ֥גֶב צָפֹֽונָה׃ ,וְאָֽמַרְתָּ֙ לְיַ֣עַר הַנֶּ֔גֶב 
19320,513077,2_Chronicles 9:8,יִּתֶּנְךָ֤ ,Cmpl,יְהִ֨י יְהוָ֤ה אֱלֹהֶ֨יךָ֙ בָּר֔וּךְ אֲשֶׁ֣ר׀ חָפֵ֣ץ בְּךָ֗ לְתִתְּךָ֤ עַל־כִּסְאֹו֙ לְמֶ֔לֶךְ לַיהוָ֖ה אֱלֹהֶ֑יךָ בְּאַהֲבַ֨ת אֱלֹהֶ֤יךָ אֶת־יִשְׂרָאֵל֙ לְהַעֲמִידֹ֣ו לְעֹולָ֔ם וַיִּתֶּנְךָ֤ עֲלֵיהֶם֙ לְמֶ֔לֶךְ לַעֲשֹׂ֖ות מִשְׁפָּ֥ט וּצְדָקָֽה׃ ,וַיִּתֶּנְךָ֤ עֲלֵיהֶם֙ לְמֶ֔לֶךְ 
15284,481638,Ezekiel 16:54,נִכְלַ֕מְתְּ ,Adju,לְמַ֨עַן֙ תִּשְׂאִ֣י כְלִמָּתֵ֔ךְ וִנִכְלַ֕מְתְּ מִכֹּ֖ל אֲשֶׁ֣ר עָשִׂ֑ית בְּנַחֲמֵ֖ךְ אֹתָֽן׃ ,וִנִכְלַ֕מְתְּ מִכֹּ֖ל 
7313,439683,Leviticus 17:10,יֹאכַ֖ל ,Objc,וְאִ֨ישׁ אִ֜ישׁ מִבֵּ֣ית יִשְׂרָאֵ֗ל וּמִן־הַגֵּר֙ הַגָּ֣ר בְּתֹוכָ֔ם אֲשֶׁ֥ר יֹאכַ֖ל כָּל־דָּ֑ם וְנָתַתִּ֣י פָנַ֗י בַּנֶּ֨פֶשׁ֙ הָאֹכֶ֣לֶת אֶת־הַדָּ֔ם וְהִכְרַתִּ֥י אֹתָ֖הּ מִקֶּ֥רֶב עַמָּֽהּ׃ ,אֲשֶׁ֥ר יֹאכַ֖ל כָּל־דָּ֑ם 
6254,435518,Exodus 18:10,הִצִּיל֙ ,Cmpl,וַיֹּאמֶר֮ יִתְרֹו֒ בָּר֣וּךְ יְהוָ֔ה אֲשֶׁ֨ר הִצִּ֥יל אֶתְכֶ֛ם מִיַּ֥ד מִצְרַ֖יִם וּמִיַּ֣ד פַּרְעֹ֑ה אֲשֶׁ֤ר הִצִּיל֙ אֶת־הָעָ֔ם מִתַּ֖חַת יַד־מִצְרָֽיִם׃ ,אֲשֶׁ֤ר הִצִּיל֙ אֶת־הָעָ֔ם מִתַּ֖חַת יַד־מִצְרָֽיִם׃ 
4857,428332,Genesis 9:23,יָּשִׂ֨ימוּ֙ ,Cmpl,וַיִּקַּח֩ שֵׁ֨ם וָיֶ֜פֶת אֶת־הַשִּׂמְלָ֗ה וַיָּשִׂ֨ימוּ֙ עַל־שְׁכֶ֣ם שְׁנֵיהֶ֔ם וַיֵּֽלְכוּ֙ אֲחֹ֣רַנִּ֔ית וַיְכַסּ֕וּ אֵ֖ת עֶרְוַ֣ת אֲבִיהֶ֑ם וּפְנֵיהֶם֙ אֲחֹ֣רַנִּ֔ית וְעֶרְוַ֥ת אֲבִיהֶ֖ם לֹ֥א רָאֽוּ׃ ,וַיָּשִׂ֨ימוּ֙ עַל־שְׁכֶ֣ם שְׁנֵיהֶ֔ם 
5953,433966,Exodus 4:25,תִּכְרֹת֙ ,Objc,וַתִּקַּ֨ח צִפֹּרָ֜ה צֹ֗ר וַתִּכְרֹת֙ אֶת־עָרְלַ֣ת בְּנָ֔הּ וַתַּגַּ֖ע לְרַגְלָ֑יו וַתֹּ֕אמֶר כִּ֧י חֲתַן־דָּמִ֛ים אַתָּ֖ה לִֽי׃ ,וַתִּכְרֹת֙ אֶת־עָרְלַ֣ת בְּנָ֔הּ 
19770,515268,2_Chronicles 33:7,בָּחַ֨רְתִּי֙ ,Cmpl,וַיָּ֕שֶׂם אֶת־פֶּ֥סֶל הַסֶּ֖מֶל אֲשֶׁ֣ר עָשָׂ֑ה בְּבֵ֣ית הָאֱלֹהִ֗ים אֲשֶׁ֨ר אָמַ֤ר אֱלֹהִים֙ אֶל־דָּוִיד֙ וְאֶל־שְׁלֹמֹ֣ה בְנֹ֔ו בַּבַּ֨יִת הַזֶּ֜ה וּבִֽירוּשָׁלִַ֗ם אֲשֶׁ֤ר בָּחַ֨רְתִּי֙ מִכֹּל֙ שִׁבְטֵ֣י יִשְׂרָאֵ֔ל אָשִׂ֥ים אֶת־שְׁמִ֖י לְעֵילֹֽום׃ ,אֲשֶׁ֤ר בָּחַ֨רְתִּי֙ מִכֹּל֙ שִׁבְטֵ֣י יִשְׂרָאֵ֔ל 
5129,429825,Genesis 24:38,לָקַחְתָּ֥ ,Cmpl,אִם־לֹ֧א אֶל־בֵּית־אָבִ֛י תֵּלֵ֖ךְ וְאֶל־מִשְׁפַּחְתִּ֑י וְלָקַחְתָּ֥ אִשָּׁ֖ה לִבְנִֽי׃ ,וְלָקַחְתָּ֥ אִשָּׁ֖ה לִבְנִֽי׃ 
18766,508822,Nehemiah 4:1,הֵחֵ֥לּוּ ,Subj,וַיְהִ֣י כַאֲשֶׁ֣ר שָׁמַ֣ע סַנְבַלַּ֡ט וְ֠טֹובִיָּה וְהָעַרְבִ֨ים וְהָעַמֹּנִ֜ים וְהָאַשְׁדֹּודִ֗ים כִּֽי־עָלְתָ֤ה אֲרוּכָה֙ לְחֹמֹ֣ות יְרוּשָׁלִַ֔ם כִּי־הֵחֵ֥לּוּ הַפְּרֻצִ֖ים לְהִסָּתֵ֑ם וַיִּ֥חַר לָהֶ֖ם מְאֹֽד׃ ,כִּי־הֵחֵ֥לּוּ הַפְּרֻצִ֖ים 
16999,493651,Psalms 71:13,יִכְלוּ֮ ,Subj,יֵבֹ֣שׁוּ יִכְלוּ֮ שֹׂטְנֵ֪י נַ֫פְשִׁ֥י יַֽעֲט֣וּ חֶ֭רְפָּה וּכְלִמָּ֑ה מְ֝בַקְשֵׁ֗י רָעָתִֽי׃ ,יִכְלוּ֮ שֹׂטְנֵ֪י נַ֫פְשִׁ֥י 
13126,467089,2_Kings 17:18,נִשְׁאַ֔ר ,Adju,וַיִּתְאַנַּ֨ף יְהוָ֤ה מְאֹד֙ בְּיִשְׂרָאֵ֔ל וַיְסִרֵ֖ם מֵעַ֣ל פָּנָ֑יו לֹ֣א נִשְׁאַ֔ר רַ֛ק שֵׁ֥בֶט יְהוּדָ֖ה לְבַדֹּֽו׃ ,לֹ֣א נִשְׁאַ֔ר רַ֛ק שֵׁ֥בֶט יְהוּדָ֖ה לְבַדֹּֽו׃ 
19481,513878,2_Chronicles 19:6,יֹּ֣אמֶר ,Cmpl,וַיֹּ֣אמֶר אֶל־הַשֹּֽׁפְטִ֗ים רְאוּ֙ מָֽה־אַתֶּ֣ם עֹשִׂ֔ים כִּ֣י לֹ֧א לְאָדָ֛ם תִּשְׁפְּט֖וּ כִּ֣י לַיהוָ֑ה וְעִמָּכֶ֖ם בִּדְבַ֥ר מִשְׁפָּֽט׃ ,וַיֹּ֣אמֶר אֶל־הַשֹּֽׁפְטִ֗ים 
13839,471681,Isaiah 43:14,אָמַ֧ר ,Subj,כֹּֽה־אָמַ֧ר יְהוָ֛ה גֹּאַלְכֶ֖ם קְדֹ֣ושׁ יִשְׂרָאֵ֑ל לְמַעַנְכֶ֞ם שִׁלַּ֣חְתִּי בָבֶ֗לָה וְהֹורַדְתִּ֤י בָֽרִיחִים֙ כֻּלָּ֔ם וְכַשְׂדִּ֖ים בָּאֳנִיֹּ֥ות רִנָּתָֽם׃ ,כֹּֽה־אָמַ֧ר יְהוָ֛ה גֹּאַלְכֶ֖ם קְדֹ֣ושׁ יִשְׂרָאֵ֑ל 
16653,490541,Psalms 9:18,יָשׁ֣וּבוּ ,Cmpl,יָשׁ֣וּבוּ רְשָׁעִ֣ים לִשְׁאֹ֑ולָה כָּל־גֹּ֝ויִ֗ם שְׁכֵחֵ֥י אֱלֹהִֽים׃ ,יָשׁ֣וּבוּ רְשָׁעִ֣ים לִשְׁאֹ֑ולָה 
19780,515300,2_Chronicles 33:15,יָּסַר ,Cmpl,וַ֠יָּסַר אֶת־אֱלֹהֵ֨י הַנֵּכָ֤ר וְאֶת־הַסֶּ֨מֶל֙ מִבֵּ֣ית יְהוָ֔ה וְכָל־הַֽמִּזְבְּחֹ֗ות אֲשֶׁ֥ר בָּנָ֛ה בְּהַ֥ר בֵּית־יְהוָ֖ה וּבִירוּשָׁלִָ֑ם וַיַּשְׁלֵ֖ךְ ח֥וּצָה לָעִֽיר׃ ,וַ֠יָּסַר אֶת־אֱלֹהֵ֨י הַנֵּכָ֤ר וְאֶת־הַסֶּ֨מֶל֙ מִבֵּ֣ית יְהוָ֔ה 
12423,463586,1_Kings 17:1,עָמַ֣דְתִּי ,Cmpl,וַיֹּאמֶר֩ אֵלִיָּ֨הוּ הַתִּשְׁבִּ֜י מִתֹּשָׁבֵ֣י גִלְעָד֮ אֶל־אַחְאָב֒ חַי־יְהוָ֞ה אֱלֹהֵ֤י יִשְׂרָאֵל֙ אֲשֶׁ֣ר עָמַ֣דְתִּי לְפָנָ֔יו אִם־יִהְיֶ֛ה הַשָּׁנִ֥ים הָאֵ֖לֶּה טַ֣ל וּמָטָ֑ר כִּ֖י אִם־לְפִ֥י דְבָרִֽי׃ ס ,אֲשֶׁ֣ר עָמַ֣דְתִּי לְפָנָ֔יו 
17586,498044,Job 8:11,יִשְׂגֶּה־,Adju,הֲיִֽגְאֶה־גֹּ֭מֶא בְּלֹ֣א בִצָּ֑ה יִשְׂגֶּה־אָ֥חוּ בְלִי־מָֽיִם׃ ,יִשְׂגֶּה־אָ֥חוּ בְלִי־מָֽיִם׃ 
19282,512932,2_Chronicles 7:12,שָׁמַ֨עְתִּי֙ ,Objc,וַיֵּרָ֧א יְהוָ֛ה אֶל־שְׁלֹמֹ֖ה בַּלָּ֑יְלָה וַיֹּ֣אמֶר לֹ֗ו שָׁמַ֨עְתִּי֙ אֶת־תְּפִלָּתֶ֔ךָ וּבָחַ֜רְתִּי בַּמָּקֹ֥ום הַזֶּ֛ה לִ֖י לְבֵ֥ית זָֽבַח׃ ,שָׁמַ֨עְתִּי֙ אֶת־תְּפִלָּתֶ֔ךָ 
9426,449987,Joshua 12:1,הִכּ֤וּ ,Subj,וְאֵ֣לֶּה׀ מַלְכֵ֣י הָאָ֗רֶץ אֲשֶׁ֨ר הִכּ֤וּ בְנֵֽי־יִשְׂרָאֵל֙ וַיִּֽרְשׁ֣וּ אֶת־אַרְצָ֔ם בְּעֵ֥בֶר הַיַּרְדֵּ֖ן מִזְרְחָ֣ה הַשָּׁ֑מֶשׁ מִנַּ֤חַל אַרְנֹון֙ עַד־הַ֣ר חֶרְמֹ֔ון וְכָל־הָעֲרָבָ֖ה מִזְרָֽחָה׃ ,אֲשֶׁ֨ר הִכּ֤וּ בְנֵֽי־יִשְׂרָאֵל֙ 
17667,498742,Job 18:18,יֶ֭הְדְּפֻהוּ ,Cmpl,יֶ֭הְדְּפֻהוּ מֵאֹ֣ור אֶל־חֹ֑שֶׁךְ וּֽמִתֵּבֵ֥ל יְנִדֻּֽהוּ׃ ,יֶ֭הְדְּפֻהוּ מֵאֹ֣ור אֶל־חֹ֑שֶׁךְ 
5023,429412,Genesis 21:15,תַּשְׁלֵ֣ךְ ,Cmpl,וַיִּכְל֥וּ הַמַּ֖יִם מִן־הַחֵ֑מֶת וַתַּשְׁלֵ֣ךְ אֶת־הַיֶּ֔לֶד תַּ֖חַת אַחַ֥ד הַשִּׂיחִֽם׃ ,וַתַּשְׁלֵ֣ךְ אֶת־הַיֶּ֔לֶד תַּ֖חַת אַחַ֥ד הַשִּׂיחִֽם׃ 
7643,441368,Numbers 5:7,הִתְוַדּ֗וּ ,Objc,וְהִתְוַדּ֗וּ אֶֽת־חַטָּאתָם֮ אֲשֶׁ֣ר עָשׂוּ֒ וְהֵשִׁ֤יב אֶת־אֲשָׁמֹו֙ בְּרֹאשֹׁ֔ו וַחֲמִישִׁתֹ֖ו יֹסֵ֣ף עָלָ֑יו וְנָתַ֕ן לַאֲשֶׁ֖ר אָשַׁ֥ם לֹֽו׃ ,וְהִתְוַדּ֗וּ אֶֽת־חַטָּאתָם֮ 
12922,466212,2_Kings 9:30,תֵּ֣יטֶב ,Objc,וַיָּבֹ֥וא יֵה֖וּא יִזְרְעֶ֑אלָה וְאִיזֶ֣בֶל שָׁמְעָ֗ה וַתָּ֨שֶׂם בַּפּ֤וּךְ עֵינֶ֨יהָ֙ וַתֵּ֣יטֶב אֶת־רֹאשָׁ֔הּ וַתַּשְׁקֵ֖ף בְּעַ֥ד הַחַלֹּֽון׃ ,וַתֵּ֣יטֶב אֶת־רֹאשָׁ֔הּ 
9956,452477,Judges 10:18,יֹּאמְר֨וּ ,Subj,וַיֹּאמְר֨וּ הָעָ֜ם שָׂרֵ֤י גִלְעָד֙ אִ֣ישׁ אֶל־רֵעֵ֔הוּ מִ֣י הָאִ֔ישׁ אֲשֶׁ֣ר יָחֵ֔ל לְהִלָּחֵ֖ם בִּבְנֵ֣י עַמֹּ֑ון יִֽהְיֶ֣ה לְרֹ֔אשׁ לְכֹ֖ל יֹשְׁבֵ֥י גִלְעָֽד׃ פ ,וַיֹּאמְר֨וּ הָעָ֜ם שָׂרֵ֤י גִלְעָד֙ 
11834,461051,2_Samuel 24:10,סָפַ֣ר ,Objc,וַיַּ֤ךְ לֵב־דָּוִד֙ אֹתֹ֔ו אַחֲרֵי־כֵ֖ן סָפַ֣ר אֶת־הָעָ֑ם ס וַיֹּ֨אמֶר דָּוִ֜ד אֶל־יְהוָ֗ה חָטָ֤אתִי מְאֹד֙ אֲשֶׁ֣ר עָשִׂ֔יתִי וְעַתָּ֣ה יְהוָ֔ה הַֽעֲבֶר־נָא֙ אֶת־עֲוֹ֣ן עַבְדְּךָ֔ כִּ֥י נִסְכַּ֖לְתִּי מְאֹֽד׃ ,סָפַ֣ר אֶת־הָעָ֑ם ס 
5930,433870,Exodus 4:7,יָּ֥שֶׁב ,Adju,וַיֹּ֗אמֶר הָשֵׁ֤ב יָֽדְךָ֙ אֶל־חֵיקֶ֔ךָ וַיָּ֥שֶׁב יָדֹ֖ו אֶל־חֵיקֹ֑ו וַיֹּֽוצִאָהּ֙ מֵֽחֵיקֹ֔ו וְהִנֵּה־שָׁ֖בָה כִּבְשָׂרֹֽו׃ ,וַיָּ֥שֶׁב יָדֹ֖ו אֶל־חֵיקֹ֑ו 
19683,514869,2_Chronicles 29:22,יְקַבְּל֤וּ ,Objc,וַֽיִּשְׁחֲטוּ֙ הַבָּקָ֔ר וַיְקַבְּל֤וּ הַכֹּֽהֲנִים֙ אֶת־הַדָּ֔ם וַֽיִּזְרְק֖וּ הַמִּזְבֵּ֑חָה וַיִּשְׁחֲט֣וּ הָאֵלִ֗ים וַיִּזְרְק֤וּ הַדָּם֙ הַמִּזְבֵּ֔חָה וַֽיִּשְׁחֲטוּ֙ הַכְּבָשִׂ֔ים וַיִּזְרְק֥וּ הַדָּ֖ם הַמִּזְבֵּֽחָה׃ ,וַיְקַבְּל֤וּ הַכֹּֽהֲנִים֙ אֶת־הַדָּ֔ם 
12808,465682,2_Kings 6:22,יֵלְכ֖וּ ,Cmpl,וַיֹּ֨אמֶר֙ לֹ֣א תַכֶּ֔ה הַאֲשֶׁ֥ר שָׁבִ֛יתָ בְּחַרְבְּךָ֥ וּֽבְקַשְׁתְּךָ֖ אַתָּ֣ה מַכֶּ֑ה שִׂים֩ לֶ֨חֶם וָמַ֜יִם לִפְנֵיהֶ֗ם וְיֹֽאכְלוּ֙ וְיִשְׁתּ֔וּ וְיֵלְכ֖וּ אֶל־אֲדֹנֵיהֶֽם׃ ,וְיֵלְכ֖וּ אֶל־אֲדֹנֵיהֶֽם׃ 
17367,496107,Psalms 118:12,סַבּ֤וּנִי ,Adju,סַבּ֤וּנִי כִדְבֹורִ֗ים דֹּ֭עֲכוּ כְּאֵ֣שׁ קֹוצִ֑ים בְּשֵׁ֥ם יְ֝הוָ֗ה כִּ֣י אֲמִילַֽם׃ ,סַבּ֤וּנִי כִדְבֹורִ֗ים 
6258,435538,Exodus 18:15,יָבֹ֥א ,Subj,וַיֹּ֥אמֶר מֹשֶׁ֖ה לְחֹתְנֹ֑ו כִּֽי־יָבֹ֥א אֵלַ֛י הָעָ֖ם לִדְרֹ֥שׁ אֱלֹהִֽים׃ ,כִּֽי־יָבֹ֥א אֵלַ֛י הָעָ֖ם 
14677,478068,Jeremiah 36:32,יִּתְּנָהּ֮ ,Cmpl,וְיִרְמְיָ֜הוּ לָקַ֣ח׀ מְגִלָּ֣ה אַחֶ֗רֶת וַֽיִּתְּנָהּ֮ אֶל־בָּר֣וּךְ בֶּן־נֵרִיָּהוּ֮ הַסֹּפֵר֒ וַיִּכְתֹּ֤ב עָלֶ֨יהָ֙ מִפִּ֣י יִרְמְיָ֔הוּ אֵ֚ת כָּל־דִּבְרֵ֣י הַסֵּ֔פֶר אֲשֶׁ֥ר שָׂרַ֛ף יְהֹויָקִ֥ים מֶֽלֶךְ־יְהוּדָ֖ה בָּאֵ֑שׁ וְעֹ֨וד נֹוסַ֧ף עֲלֵיהֶ֛ם דְּבָרִ֥ים רַבִּ֖ים כָּהֵֽמָּה׃ ס ,וַֽיִּתְּנָהּ֮ אֶל־בָּר֣וּךְ בֶּן־נֵרִיָּהוּ֮ הַסֹּפֵר֒ 
5613,432329,Genesis 41:56,יִּפְתַּ֨ח ,Objc,וְהָרָעָ֣ב הָיָ֔ה עַ֖ל כָּל־פְּנֵ֣י הָאָ֑רֶץ וַיִּפְתַּ֨ח יֹוסֵ֜ף אֶֽת־כָּל־אֲשֶׁ֤ר בָּהֶם֙ וַיִּשְׁבֹּ֣ר לְמִצְרַ֔יִם וַיֶּחֱזַ֥ק הָֽרָעָ֖ב בְּאֶ֥רֶץ מִצְרָֽיִם׃ ,וַיִּפְתַּ֨ח יֹוסֵ֜ף אֶֽת־כָּל־
8097,443591,Numbers 23:14,יִּקָּחֵ֨הוּ֙ ,Loca,וַיִּקָּחֵ֨הוּ֙ שְׂדֵ֣ה צֹפִ֔ים אֶל־רֹ֖אשׁ הַפִּסְגָּ֑ה וַיִּ֨בֶן֙ שִׁבְעָ֣ה מִזְבְּחֹ֔ת וַיַּ֛עַל פָּ֥ר וָאַ֖יִל בַּמִּזְבֵּֽחַ׃ ,וַיִּקָּחֵ֨הוּ֙ שְׂדֵ֣ה צֹפִ֔ים אֶל־רֹ֖אשׁ הַפִּסְגָּ֑ה 
17149,494636,Psalms 89:4,נִ֝שְׁבַּ֗עְתִּי ,Cmpl,כָּרַ֣תִּֽי בְ֭רִית לִבְחִירִ֑י נִ֝שְׁבַּ֗עְתִּי לְדָוִ֥ד עַבְדִּֽי׃ ,נִ֝שְׁבַּ֗עְתִּי לְדָוִ֥ד עַבְדִּֽי׃ 
8847,447383,Deuteronomy 23:18,תִהְיֶ֥ה ,Subj,לֹא־תִהְיֶ֥ה קְדֵשָׁ֖ה מִבְּנֹ֣ות יִשְׂרָאֵ֑ל וְלֹֽא־יִהְיֶ֥ה קָדֵ֖שׁ מִבְּנֵ֥י יִשְׂרָאֵל׃ ,לֹא־תִהְיֶ֥ה קְדֵשָׁ֖ה מִבְּנֹ֣ות יִשְׂרָאֵ֑ל 
9650,451156,Judges 1:15,נָתַתָּ֥ה ,Objc,וַתֹּ֨אמֶר לֹ֜ו הָֽבָה־לִּ֣י בְרָכָ֗ה כִּ֣י אֶ֤רֶץ הַנֶּ֨גֶב֙ נְתַתָּ֔נִי וְנָתַתָּ֥ה לִ֖י גֻּלֹּ֣ת מָ֑יִם וַיִּתֶּן־לָ֣הּ כָּלֵ֗ב אֵ֚ת גֻּלֹּ֣ת עִלִּ֔ית וְאֵ֖ת גֻּלֹּ֥ת תַּחְתִּֽית׃ פ ,וְנָתַתָּ֥ה לִ֖י גֻּלֹּ֣ת מָ֑יִם 
15160,480890,Ezekiel 10:19,יֵּרֹ֨ומּוּ ,Adju,וַיִּשְׂא֣וּ הַכְּרוּבִ֣ים אֶת־כַּ֠נְפֵיהֶם וַיֵּרֹ֨ומּוּ מִן־הָאָ֤רֶץ לְעֵינַי֙ בְּצֵאתָ֔ם וְהָאֹֽופַנִּ֖ים לְעֻמָּתָ֑ם וַֽיַּעֲמֹ֗ד פֶּ֣תַח שַׁ֤עַר בֵּית־יְהוָה֙ הַקַּדְמֹונִ֔י וּכְבֹ֧וד אֱלֹהֵֽי־יִשְׂרָאֵ֛ל עֲלֵיהֶ֖ם מִלְמָֽעְלָה׃ ,וַיֵּרֹ֨ומּוּ מִן־הָאָ֤רֶץ לְעֵינַי֙ 
16022,486428,Joel 1:17,עָבְשׁ֣וּ ,Adju,עָבְשׁ֣וּ פְרֻדֹ֗ות תַּ֚חַת מֶגְרְפֹ֣תֵיהֶ֔ם נָשַׁ֨מּוּ֙ אֹֽצָרֹ֔ות נֶהֶרְס֖וּ מַמְּגֻרֹ֑ות כִּ֥י הֹבִ֖ישׁ דָּגָֽן׃ ,עָבְשׁ֣וּ פְרֻדֹ֗ות תַּ֚חַת מֶגְרְפֹ֣תֵיהֶ֔ם 
5336,430900,Genesis 31:12,רָאִ֔יתִי ,Objc,וַיֹּ֗אמֶר שָׂא־נָ֨א עֵינֶ֤יךָ וּרְאֵה֙ כָּל־הָֽעַתֻּדִים֙ הָעֹלִ֣ים עַל־הַצֹּ֔אן עֲקֻדִּ֥ים נְקֻדִּ֖ים וּבְרֻדִּ֑ים כִּ֣י רָאִ֔יתִי אֵ֛ת כָּל־אֲשֶׁ֥ר לָבָ֖ן עֹ֥שֶׂה לָּֽךְ׃ ,כִּ֣י רָאִ֔יתִי אֵ֛ת כָּל־
7715,441595,Numbers 7:11,יַקְרִ֨יבוּ֙ ,Adju,וַיֹּ֥אמֶר יְהוָ֖ה אֶל־מֹשֶׁ֑ה נָשִׂ֨יא אֶחָ֜ד לַיֹּ֗ום נָשִׂ֤יא אֶחָד֙ לַיֹּ֔ום יַקְרִ֨יבוּ֙ אֶת־קָרְבָּנָ֔ם לַחֲנֻכַּ֖ת הַמִּזְבֵּֽחַ׃ ס ,נָשִׂ֨יא אֶחָ֜ד לַיֹּ֗ום נָשִׂ֤יא אֶחָד֙ לַיֹּ֔ום יַקְרִ֨יבוּ֙ אֶת־קָרְבָּנָ֔ם לַחֲנֻכַּ֖ת הַמִּזְבֵּֽחַ׃ ס 
19743,515129,2_Chronicles 32:6,יִּקְבְּצֵ֣ם ,Cmpl,וַיִּתֵּ֛ן שָׂרֵ֥י מִלְחָמֹ֖ות עַל־הָעָ֑ם וַיִּקְבְּצֵ֣ם אֵלָ֗יו אֶל־רְחֹוב֙ שַׁ֣עַר הָעִ֔יר וַיְדַבֵּ֥ר עַל־לְבָבָ֖ם לֵאמֹֽר׃ ,וַיִּקְבְּצֵ֣ם אֵלָ֗יו אֶל־רְחֹוב֙ שַׁ֣עַר הָעִ֔יר 
18281,504691,Ecclesiastes 12:4,סֻגְּר֤וּ ,Subj,וְסֻגְּר֤וּ דְלָתַ֨יִם֙ בַּשּׁ֔וּק בִּשְׁפַ֖ל קֹ֣ול הַֽטַּחֲנָ֑ה וְיָקוּם֙ לְקֹ֣ול הַצִּפֹּ֔ור וְיִשַּׁ֖חוּ כָּל־בְּנֹ֥ות הַשִּֽׁיר׃ ,וְסֻגְּר֤וּ דְלָתַ֨יִם֙ בַּשּׁ֔וּק 
17877,500460,Proverbs 1:11,נֶאֶרְבָ֥ה ,Cmpl,אִם־יֹאמְרוּ֮ לְכָ֪ה אִ֫תָּ֥נוּ נֶאֶרְבָ֥ה לְדָ֑ם נִצְפְּנָ֖ה לְנָקִ֣י חִנָּֽם׃ ,נֶאֶרְבָ֥ה לְדָ֑ם 
15581,483533,Ezekiel 32:13,הַֽאֲבַדְתִּי֙ ,Adju,וְהַֽאֲבַדְתִּי֙ אֶת־כָּל־בְּהֶמְתָּ֔הּ מֵעַ֖ל מַ֣יִם רַבִּ֑ים וְלֹ֨א תִדְלָחֵ֤ם רֶֽגֶל־אָדָם֙ עֹ֔וד וּפַרְסֹ֥ות בְּהֵמָ֖ה לֹ֥א תִדְלָחֵֽם׃ ,וְהַֽאֲבַדְתִּי֙ אֶת־כָּל־בְּהֶמְתָּ֔הּ מֵעַ֖ל מַ֣יִם רַבִּ֑ים 
11743,460604,2_Samuel 20:17,תֹּ֧אמֶר ,Subj,וַיִּקְרַ֣ב אֵלֶ֔יהָ וַתֹּ֧אמֶר הָאִשָּׁ֛ה הַאַתָּ֥ה יֹואָ֖ב וַיֹּ֣אמֶר אָ֑נִי וַתֹּ֣אמֶר לֹ֗ו שְׁמַע֙ דִּבְרֵ֣י אֲמָתֶ֔ךָ וַיֹּ֖אמֶר שֹׁמֵ֥עַ אָנֹֽכִי׃ ,וַתֹּ֧אמֶר הָאִשָּׁ֛ה 
11429,459186,2_Samuel 12:19,מֵ֣ת ,Subj,וַיַּ֣רְא דָּוִ֗ד כִּ֤י עֲבָדָיו֙ מִֽתְלַחֲשִׁ֔ים וַיָּ֥בֶן דָּוִ֖ד כִּ֣י מֵ֣ת הַיָּ֑לֶד וַיֹּ֨אמֶר דָּוִ֧ד אֶל־עֲבָדָ֛יו הֲמֵ֥ת הַיֶּ֖לֶד וַיֹּ֥אמְרוּ מֵֽת׃ ,כִּ֣י מֵ֣ת הַיָּ֑לֶד 
14174,475143,Jeremiah 11:3,אָמַ֥ר ,Subj,וְאָמַרְתָּ֣ אֲלֵיהֶ֔ם כֹּֽה־אָמַ֥ר יְהוָ֖ה אֱלֹהֵ֣י יִשְׂרָאֵ֑ל אָר֣וּר הָאִ֔ישׁ אֲשֶׁר֙ לֹ֣א יִשְׁמַ֔ע אֶת־דִּבְרֵ֖י הַבְּרִ֥ית הַזֹּֽאת׃ ,כֹּֽה־אָמַ֥ר יְהוָ֖ה אֱלֹהֵ֣י יִשְׂרָאֵ֑ל 
18809,509179,Nehemiah 7:63,יִּקָּרֵ֖א ,Cmpl,וּמִן־הַכֹּ֣הֲנִ֔ים בְּנֵ֥י חֳבַיָּ֖ה בְּנֵ֣י הַקֹּ֑וץ בְּנֵ֣י בַרְזִלַּ֗י אֲשֶׁ֣ר לָ֠קַח מִבְּנֹ֞ות בַּרְזִלַּ֤י הַגִּלְעָדִי֙ אִשָּׁ֔ה וַיִּקָּרֵ֖א עַל־שְׁמָֽם׃ ,וַיִּקָּרֵ֖א עַל־שְׁמָֽם׃ 
6850,438046,Leviticus 4:4,סָמַ֤ךְ ,Cmpl,וְהֵבִ֣יא אֶת־הַפָּ֗ר אֶל־פֶּ֛תַח אֹ֥הֶל מֹועֵ֖ד לִפְנֵ֣י יְהוָ֑ה וְסָמַ֤ךְ אֶת־יָדֹו֙ עַל־רֹ֣אשׁ הַפָּ֔ר וְשָׁחַ֥ט אֶת־הַפָּ֖ר לִפְנֵ֥י יְהוָֽה׃ ,וְסָמַ֤ךְ אֶת־יָדֹו֙ עַל־רֹ֣אשׁ הַפָּ֔ר 
16409,489027,Zechariah 1:17,אָמַר֙ ,Subj,עֹ֣וד׀ קְרָ֣א לֵאמֹ֗ר כֹּ֤ה אָמַר֙ יְהוָ֣ה צְבָאֹ֔ות עֹ֛וד תְּפוּצֶ֥ינָה עָרַ֖י מִטֹּ֑וב וְנִחַ֨ם יְהוָ֥ה עֹוד֙ אֶת־צִיֹּ֔ון וּבָחַ֥ר עֹ֖וד בִּירוּשָׁלִָֽם׃ ס ,כֹּ֤ה אָמַר֙ יְהוָ֣ה צְבָאֹ֔ות 
9280,449332,Joshua 7:6,יַּעֲל֥וּ ,Cmpl,וַיִּקְרַ֨ע יְהֹושֻׁ֜עַ שִׂמְלֹתָ֗יו וַיִּפֹּל֩ עַל־פָּנָ֨יו אַ֜רְצָה לִפְנֵ֨י אֲרֹ֤ון יְהוָה֙ עַד־הָעֶ֔רֶב ה֖וּא וְזִקְנֵ֣י יִשְׂרָאֵ֑ל וַיַּעֲל֥וּ עָפָ֖ר עַל־רֹאשָֽׁם׃ ,וַיַּעֲל֥וּ עָפָ֖ר עַל־רֹאשָֽׁם׃ 
10737,455994,1_Samuel 17:22,יִּטֹּשׁ֩ ,Cmpl,וַיִּטֹּשׁ֩ דָּוִ֨ד אֶת־הַכֵּלִ֜ים מֵעָלָ֗יו עַל־יַד֙ שֹׁומֵ֣ר הַכֵּלִ֔ים וַיָּ֖רָץ הַמַּעֲרָכָ֑ה וַיָּבֹ֕א וַיִּשְׁאַ֥ל לְאֶחָ֖יו לְשָׁלֹֽום׃ ,וַיִּטֹּשׁ֩ דָּוִ֨ד אֶת־הַכֵּלִ֜ים מֵעָלָ֗יו עַל־יַד֙ שֹׁומֵ֣ר הַכֵּלִ֔ים 
12115,462368,1_Kings 8:40,נָתַ֖תָּה ,Cmpl,לְמַ֨עַן֙ יִֽרָא֔וּךָ כָּל־הַ֨יָּמִ֔ים אֲשֶׁר־הֵ֥ם חַיִּ֖ים עַל־פְּנֵ֣י הָאֲדָמָ֑ה אֲשֶׁ֥ר נָתַ֖תָּה לַאֲבֹתֵֽינוּ׃ ,אֲשֶׁ֥ר נָתַ֖תָּה לַאֲבֹתֵֽינוּ׃ 
5733,433045,Genesis 46:28,יָּבֹ֖אוּ ,Cmpl,וְאֶת־יְהוּדָ֞ה שָׁלַ֤ח לְפָנָיו֙ אֶל־יֹוסֵ֔ף לְהֹורֹ֥ת לְפָנָ֖יו גֹּ֑שְׁנָה וַיָּבֹ֖אוּ אַ֥רְצָה גֹּֽשֶׁן׃ ,וַיָּבֹ֖אוּ אַ֥רְצָה גֹּֽשֶׁן׃ 
15371,482176,Ezekiel 20:34,הֹוצֵאתִ֤י ,Cmpl,וְהֹוצֵאתִ֤י אֶתְכֶם֙ מִן־הָ֣עַמִּ֔ים וְקִבַּצְתִּ֣י אֶתְכֶ֔ם מִן־הָ֣אֲרָצֹ֔ות אֲשֶׁ֥ר נְפֹוצֹתֶ֖ם בָּ֑ם בְּיָ֤ד חֲזָקָה֙ וּבִזְרֹ֣ועַ נְטוּיָ֔ה וּבְחֵמָ֖ה שְׁפוּכָֽה׃ ,וְהֹוצֵאתִ֤י אֶתְכֶם֙ מִן־הָ֣עַמִּ֔ים 
11751,460650,2_Samuel 21:1,יְבַקֵּ֥שׁ ,Objc,וַיְהִ֣י רָעָב֩ בִּימֵ֨י דָוִ֜ד שָׁלֹ֣שׁ שָׁנִ֗ים שָׁנָה֙ אַחֲרֵ֣י שָׁנָ֔ה וַיְבַקֵּ֥שׁ דָּוִ֖ד אֶת־פְּנֵ֣י יְהוָ֑ה ס וַיֹּ֣אמֶר יְהוָ֗ה אֶל־שָׁאוּל֙ וְאֶל־בֵּ֣ית הַדָּמִ֔ים עַל־אֲשֶׁר־הֵמִ֖ית אֶת־הַגִּבְעֹנִֽים׃ ,וַיְבַקֵּ֥שׁ דָּוִ֖ד אֶת־פְּנֵ֣י יְהוָ֑ה ס 
12098,462316,1_Kings 8:31,בָ֗א ,Cmpl,אֵת֩ אֲשֶׁ֨ר יֶחֱטָ֥א אִישׁ֙ לְרֵעֵ֔הוּ וְנָֽשָׁא־בֹ֥ו אָלָ֖ה לְהַֽאֲלֹתֹ֑ו וּבָ֗א אָלָ֛ה לִפְנֵ֥י מִֽזְבַּחֲךָ֖ בַּבַּ֥יִת הַזֶּֽה׃ ,וּבָ֗א אָלָ֛ה לִפְנֵ֥י מִֽזְבַּחֲךָ֖ בַּבַּ֥יִת הַזֶּֽה׃ 
11561,459784,2_Samuel 15:24,יַּצִּ֨קוּ֙ ,Objc,וְהִנֵּ֨ה גַם־צָדֹ֜וק וְכָֽל־הַלְוִיִּ֣ם אִתֹּ֗ו נֹֽשְׂאִים֙ אֶת־אֲרֹון֙ בְּרִ֣ית הָאֱלֹהִ֔ים וַיַּצִּ֨קוּ֙ אֶת־אֲרֹ֣ון הָאֱלֹהִ֔ים וַיַּ֖עַל אֶבְיָתָ֑ר עַד־תֹּ֥ם כָּל־הָעָ֖ם לַעֲבֹ֥ור מִן־הָעִֽיר׃ ,וַיַּצִּ֨קוּ֙ אֶת־אֲרֹ֣ון הָאֱלֹהִ֔ים 
13032,466726,2_Kings 14:3,עָשָׂ֛ה ,Subj,וַיַּ֤עַשׂ הַיָּשָׁר֙ בְּעֵינֵ֣י יְהוָ֔ה רַ֕ק לֹ֖א כְּדָוִ֣ד אָבִ֑יו כְּכֹ֧ל אֲשֶׁר־עָשָׂ֛ה יֹואָ֥שׁ אָבִ֖יו עָשָֽׂה׃ ,אֲשֶׁר־עָשָׂ֛ה יֹואָ֥שׁ אָבִ֖יו 
16539,489827,Zechariah 13:7,הֲשִׁבֹתִ֥י ,Cmpl,חֶ֗רֶב עוּרִ֤י עַל־רֹעִי֙ וְעַל־גֶּ֣בֶר עֲמִיתִ֔י נְאֻ֖ם יְהוָ֣ה צְבָאֹ֑ות הַ֤ךְ אֶת־הָֽרֹעֶה֙ וּתְפוּצֶ֣יןָ הַצֹּ֔אן וַהֲשִׁבֹתִ֥י יָדִ֖י עַל־הַצֹּעֲרִֽים׃ ,וַהֲשִׁבֹתִ֥י יָדִ֖י עַל־הַצֹּעֲרִֽים׃ 
6683,437335,Exodus 35:10,יַעֲשׂ֔וּ ,Objc,וְכָל־חֲכַם־לֵ֖ב בָּכֶ֑ם יָבֹ֣אוּ וְיַעֲשׂ֔וּ אֵ֛ת כָּל־אֲשֶׁ֥ר צִוָּ֖ה יְהוָֽה׃ ,וְיַעֲשׂ֔וּ אֵ֛ת כָּל־
6408,436128,Exodus 24:4,יִּכְתֹּ֣ב ,Objc,וַיִּכְתֹּ֣ב מֹשֶׁ֗ה אֵ֚ת כָּל־דִּבְרֵ֣י יְהוָ֔ה וַיַּשְׁכֵּ֣ם בַּבֹּ֔קֶר וַיִּ֥בֶן מִזְבֵּ֖חַ תַּ֣חַת הָהָ֑ר וּשְׁתֵּ֤ים עֶשְׂרֵה֙ מַצֵּבָ֔ה לִשְׁנֵ֥ים עָשָׂ֖ר שִׁבְטֵ֥י יִשְׂרָאֵֽל׃ ,וַיִּכְתֹּ֣ב מֹשֶׁ֗ה אֵ֚ת כָּל־דִּבְרֵ֣י יְהוָ֔ה 
14241,475538,Jeremiah 14:16,שָׁפַכְתִּ֥י ,Objc,וְהָעָ֣ם אֲשֶׁר־הֵ֣מָּה נִבְּאִ֣ים לָהֶ֡ם יִֽהְי֣וּ מֻשְׁלָכִים֩ בְּחֻצֹ֨ות יְרוּשָׁלִַ֜ם מִפְּנֵ֣י׀ הָרָעָ֣ב וְהַחֶ֗רֶב וְאֵ֤ין מְקַבֵּר֙ לָהֵ֔מָּה הֵ֣מָּה נְשֵׁיהֶ֔ם וּבְנֵיהֶ֖ם וּבְנֹֽתֵיהֶ֑ם וְשָׁפַכְתִּ֥י עֲלֵיהֶ֖ם אֶת־רָעָתָֽם׃ ,וְשָׁפַכְתִּ֥י עֲלֵיהֶ֖ם אֶת־רָעָתָֽם׃ 
19123,511735,1_Chronicles 22:11,בָנִ֨יתָ֙ ,Objc,עַתָּ֣ה בְנִ֔י יְהִ֥י יְהוָ֖ה עִמָּ֑ךְ וְהִצְלַחְתָּ֗ וּבָנִ֨יתָ֙ בֵּ֚ית יְהוָ֣ה אֱלֹהֶ֔יךָ כַּאֲשֶׁ֖ר דִּבֶּ֥ר עָלֶֽיךָ׃ ,וּבָנִ֨יתָ֙ בֵּ֚ית יְהוָ֣ה אֱלֹהֶ֔יךָ 
19783,515319,2_Chronicles 33:20,יִּשְׁכַּ֤ב ,Cmpl,וַיִּשְׁכַּ֤ב מְנַשֶּׁה֙ עִם־אֲבֹתָ֔יו וַֽיִּקְבְּרֻ֖הוּ בֵּיתֹ֑ו וַיִּמְלֹ֛ךְ אָמֹ֥ון בְּנֹ֖ו תַּחְתָּֽיו׃ פ ,וַיִּשְׁכַּ֤ב מְנַשֶּׁה֙ עִם־אֲבֹתָ֔יו 
6662,437244,Exodus 34:16,זָנ֣וּ ,Cmpl,וְלָקַחְתָּ֥ מִבְּנֹתָ֖יו לְבָנֶ֑יךָ וְזָנ֣וּ בְנֹתָ֗יו אַחֲרֵי֙ אֱלֹ֣הֵיהֶ֔ן וְהִזְנוּ֙ אֶת־בָּנֶ֔יךָ אַחֲרֵ֖י אֱלֹהֵיהֶֽן׃ ,וְזָנ֣וּ בְנֹתָ֗יו אַחֲרֵי֙ אֱלֹ֣הֵיהֶ֔ן 
7555,440808,Leviticus 26:43,תִ֣רֶץ ,Objc,וְהָאָרֶץ֩ תֵּעָזֵ֨ב מֵהֶ֜ם וְתִ֣רֶץ אֶת־שַׁבְּתֹתֶ֗יהָ בָּהְשַׁמָּה֙ מֵהֶ֔ם וְהֵ֖ם יִרְצ֣וּ אֶת־עֲוֹנָ֑ם יַ֣עַן וּבְיַ֔עַן בְּמִשְׁפָּטַ֣י מָאָ֔סוּ וְאֶת־חֻקֹּתַ֖י גָּעֲלָ֥ה נַפְשָֽׁם׃ ,וְתִ֣רֶץ אֶת־שַׁבְּתֹתֶ֗יהָ 
8211,444397,Numbers 32:7,תְנִיא֔וּן ,Objc,וְלָ֣מָּה תְנִיא֔וּן אֶת־לֵ֖ב בְּנֵ֣י יִשְׂרָאֵ֑ל מֵֽעֲבֹר֙ אֶל־הָאָ֔רֶץ אֲשֶׁר־נָתַ֥ן לָהֶ֖ם יְהוָֽה׃ ,וְלָ֣מָּה תְנִיא֔וּן אֶת־לֵ֖ב בְּנֵ֣י יִשְׂרָאֵ֑ל 
12348,463264,1_Kings 14:10,בִֽעַרְתִּי֙ ,Cmpl,לָכֵ֗ן הִנְנִ֨י מֵבִ֤יא רָעָה֙ אֶל־בֵּ֣ית יָרָבְעָ֔ם וְהִכְרַתִּ֤י לְיָֽרָבְעָם֙ מַשְׁתִּ֣ין בְּקִ֔יר עָצ֥וּר וְעָז֖וּב בְּיִשְׂרָאֵ֑ל וּבִֽעַרְתִּי֙ אַחֲרֵ֣י בֵית־יָרָבְעָ֔ם כַּאֲשֶׁ֛ר יְבַעֵ֥ר הַגָּלָ֖ל עַד־תֻּמֹּֽו׃ ,וּבִֽעַרְתִּי֙ אַחֲרֵ֣י בֵית־יָרָבְעָ֔ם 
17959,501875,Proverbs 20:14,יֹאמַ֣ר ,Subj,רַ֣ע רַ֭ע יֹאמַ֣ר הַקֹּונֶ֑ה וְאֹזֵ֥ל לֹ֝֗ו אָ֣ז יִתְהַלָּֽל׃ ,יֹאמַ֣ר הַקֹּונֶ֑ה 
18013,502657,Proverbs 30:10,תַּלְשֵׁ֣ן ,Cmpl,אַל־תַּלְשֵׁ֣ן עֶ֭בֶד אֶל־אֲדֹנָ֑יו פֶּֽן־יְקַלֶּלְךָ֥ וְאָשָֽׁמְתָּ׃ ,אַל־תַּלְשֵׁ֣ן עֶ֭בֶד אֶל־אֲדֹנָ֑יו 
5225,430357,Genesis 27:31,יָּבֵ֖א ,Cmpl,וַיַּ֤עַשׂ גַּם־הוּא֙ מַטְעַמִּ֔ים וַיָּבֵ֖א לְאָבִ֑יו וַיֹּ֣אמֶר לְאָבִ֗יו יָקֻ֤ם אָבִי֙ וְיֹאכַל֙ מִצֵּ֣יד בְּנֹ֔ו בַּעֲב֖וּר תְּבָרֲכַ֥נִּי נַפְשֶֽׁךָ׃ ,וַיָּבֵ֖א לְאָבִ֑יו 
8876,447442,Deuteronomy 24:5,שִׂמַּ֖ח ,Objc,כִּֽי־יִקַּ֥ח אִישׁ֙ אִשָּׁ֣ה חֲדָשָׁ֔ה לֹ֤א יֵצֵא֙ בַּצָּבָ֔א וְלֹא־יַעֲבֹ֥ר עָלָ֖יו לְכָל־דָּבָ֑ר נָקִ֞י יִהְיֶ֤ה לְבֵיתֹו֙ שָׁנָ֣ה אֶחָ֔ת וְשִׂמַּ֖ח אֶת־אִשְׁתֹּ֥ו אֲשֶׁר־לָקָֽח׃ ס ,וְשִׂמַּ֖ח אֶת־אִשְׁתֹּ֥ו 
13588,469688,Isaiah 22:10,תִּתְֿצוּ֙ ,Objc,וְאֶת־בָּתֵּ֥י יְרוּשָׁלִַ֖ם סְפַרְתֶּ֑ם וַתִּתְֿצוּ֙ הַבָּ֣תִּ֔ים לְבַצֵּ֖ר הַחֹומָֽה׃ ,וַתִּתְֿצוּ֙ הַבָּ֣תִּ֔ים 
9052,448160,Deuteronomy 30:9,הֹותִֽירְךָ֩ ,Adju,וְהֹותִֽירְךָ֩ יְהוָ֨ה אֱלֹהֶ֜יךָ בְּכֹ֣ל׀ מַעֲשֵׂ֣ה יָדֶ֗ךָ בִּפְרִ֨י בִטְנְךָ֜ וּבִפְרִ֧י בְהֶמְתְּךָ֛ וּבִפְרִ֥י אַדְמָתְךָ֖ לְטֹובָ֑ה כִּ֣י׀ יָשׁ֣וּב יְהוָ֗ה לָשׂ֤וּשׂ עָלֶ֨יךָ֙ לְטֹ֔וב כַּאֲשֶׁר־שָׂ֖שׂ עַל־אֲבֹתֶֽיךָ׃ ,וְהֹותִֽירְךָ֩ יְהוָ֨ה אֱלֹהֶ֜יךָ בְּכֹ֣ל׀ מַעֲשֵׂ֣ה יָדֶ֗ךָ בִּפְרִ֨י בִטְנְךָ֜ וּבִפְרִ֧י בְהֶמְתְּךָ֛ וּבִפְרִ֥י אַדְמָתְךָ֖ לְטֹובָ֑ה 
8878,447451,Deuteronomy 24:7,בִֽעַרְתָּ֥ ,Cmpl,כִּי־יִמָּצֵ֣א אִ֗ישׁ גֹּנֵ֨ב נֶ֤פֶשׁ מֵאֶחָיו֙ מִבְּנֵ֣י יִשְׂרָאֵ֔ל וְהִתְעַמֶּר־בֹּ֖ו וּמְכָרֹ֑ו וּמֵת֙ הַגַּנָּ֣ב הַה֔וּא וּבִֽעַרְתָּ֥ הָרָ֖ע מִקִּרְבֶּֽךָ׃ ,וּבִֽעַרְתָּ֥ הָרָ֖ע מִקִּרְבֶּֽךָ׃ 
14559,477440,Jeremiah 31:36,יָמֻ֜שׁוּ ,Cmpl,אִם־יָמֻ֜שׁוּ הַחֻקִּ֥ים הָאֵ֛לֶּה מִלְּפָנַ֖י נְאֻם־יְהוָ֑ה גַּם֩ זֶ֨רַע יִשְׂרָאֵ֜ל יִשְׁבְּת֗וּ מִֽהְיֹ֥ות גֹּ֛וי לְפָנַ֖י כָּל־הַיָּמִֽים׃ ס ,אִם־יָמֻ֜שׁוּ הַחֻקִּ֥ים הָאֵ֛לֶּה מִלְּפָנַ֖י 
11356,458907,2_Samuel 10:8,יַּעַרְכ֥וּ ,Loca,וַיֵּֽצְאוּ֙ בְּנֵ֣י עַמֹּ֔ון וַיַּעַרְכ֥וּ מִלְחָמָ֖ה פֶּ֣תַח הַשָּׁ֑עַר וַאֲרַ֨ם צֹובָ֤א וּרְחֹוב֙ וְאִֽישׁ־טֹ֣וב וּמַֽעֲכָ֔ה לְבַדָּ֖ם בַּשָּׂדֶֽה׃ ,וַיַּעַרְכ֥וּ מִלְחָמָ֖ה פֶּ֣תַח הַשָּׁ֑עַר 
7610,441222,Numbers 3:51,יִּתֵּ֨ן ,Adju,וַיִּתֵּ֨ן מֹשֶׁ֜ה אֶת־כֶּ֧סֶף הַפְּדֻיִ֛ם לְאַהֲרֹ֥ן וּלְבָנָ֖יו עַל־פִּ֣י יְהוָ֑ה כַּאֲשֶׁ֛ר צִוָּ֥ה יְהוָ֖ה אֶת־מֹשֶֽׁה׃ פ ,וַיִּתֵּ֨ן מֹשֶׁ֜ה אֶת־כֶּ֧סֶף הַפְּדֻיִ֛ם לְאַהֲרֹ֥ן וּלְבָנָ֖יו עַל־פִּ֣י יְהוָ֑ה 
14528,477233,Jeremiah 30:18,נִבְנְתָ֥ה ,Loca,כֹּ֣ה׀ אָמַ֣ר יְהוָ֗ה הִנְנִי־שָׁב֙ שְׁבוּת֙ אָהֳלֵ֣י יַֽעֲקֹ֔וב וּמִשְׁכְּנֹתָ֖יו אֲרַחֵ֑ם וְנִבְנְתָ֥ה עִיר֙ עַל־תִּלָּ֔הּ וְאַרְמֹ֖ון עַל־מִשְׁפָּטֹ֥ו יֵשֵֽׁב׃ ,וְנִבְנְתָ֥ה עִיר֙ עַל־תִּלָּ֔הּ 
6234,435391,Exodus 16:32,יִרְא֣וּ ,Objc,וַיֹּ֣אמֶר מֹשֶׁ֗ה זֶ֤ה הַדָּבָר֙ אֲשֶׁ֣ר צִוָּ֣ה יְהוָ֔ה מְלֹ֤א הָעֹ֨מֶר֙ מִמֶּ֔נּוּ לְמִשְׁמֶ֖רֶת לְדֹרֹתֵיכֶ֑ם לְמַ֣עַן׀ יִרְא֣וּ אֶת־הַלֶּ֗חֶם אֲשֶׁ֨ר הֶאֱכַ֤לְתִּי אֶתְכֶם֙ בַּמִּדְבָּ֔ר בְּהֹוצִיאִ֥י אֶתְכֶ֖ם מֵאֶ֥רֶץ מִצְרָֽיִם׃ ,לְמַ֣עַן׀ יִרְא֣וּ אֶת־הַלֶּ֗חֶם 
5437,431404,Genesis 34:25,יַּֽהַרְג֖וּ ,Objc,וַיְהִי֩ בַיֹּ֨ום הַשְּׁלִישִׁ֜י בִּֽהְיֹותָ֣ם כֹּֽאֲבִ֗ים וַיִּקְח֣וּ שְׁנֵֽי־בְנֵי־יַ֠עֲקֹב שִׁמְעֹ֨ון וְלֵוִ֜י אֲחֵ֤י דִינָה֙ אִ֣ישׁ חַרְבֹּ֔ו וַיָּבֹ֥אוּ עַל־הָעִ֖יר בֶּ֑טַח וַיַּֽהַרְג֖וּ כָּל־זָכָֽר׃ ,וַיַּֽהַרְג֖וּ כָּל־זָכָֽר׃ 
16204,487563,Jonah 3:10,יִּנָּ֣חֶם ,Cmpl,וַיַּ֤רְא הָֽאֱלֹהִים֙ אֶֽת־מַ֣עֲשֵׂיהֶ֔ם כִּי־שָׁ֖בוּ מִדַּרְכָּ֣ם הָרָעָ֑ה וַיִּנָּ֣חֶם הָאֱלֹהִ֗ים עַל־הָרָעָ֛ה אֲשֶׁר־דִּבֶּ֥ר לַעֲשֹׂות־לָהֶ֖ם וְלֹ֥א עָשָֽׂה׃ ,וַיִּנָּ֣חֶם הָאֱלֹהִ֗ים עַל־הָרָעָ֛ה 
8696,446887,Deuteronomy 18:19,יִשְׁמַע֙ ,Cmpl,וְהָיָ֗ה הָאִישׁ֙ אֲשֶׁ֤ר לֹֽא־יִשְׁמַע֙ אֶל־דְּבָרַ֔י אֲשֶׁ֥ר יְדַבֵּ֖ר בִּשְׁמִ֑י אָנֹכִ֖י אֶדְרֹ֥שׁ מֵעִמֹּֽו׃ ,אֲשֶׁ֤ר לֹֽא־יִשְׁמַע֙ אֶל־דְּבָרַ֔י 
18475,505691,Esther 6:8,לָֽבַשׁ־,Subj,יָבִ֨יאוּ֙ לְב֣וּשׁ מַלְכ֔וּת אֲשֶׁ֥ר לָֽבַשׁ־בֹּ֖ו הַמֶּ֑לֶךְ וְס֗וּס אֲשֶׁ֨ר רָכַ֤ב עָלָיו֙ הַמֶּ֔לֶךְ וַאֲשֶׁ֥ר נִתַּ֛ן כֶּ֥תֶר מַלְכ֖וּת בְּרֹאשֹֽׁו׃ ,אֲשֶׁ֥ר לָֽבַשׁ־בֹּ֖ו הַמֶּ֑לֶךְ 
18992,511007,1_Chronicles 14:10,אֶֽעֱלֶה֙ ,Cmpl,וַיִּשְׁאַ֨ל דָּוִ֤יד בֵּאלֹהִים֙ לֵאמֹ֔ר הַאֶֽעֱלֶה֙ עַל־פְּלִשְׁתִּ֔ים וּנְתַתָּ֖ם בְּיָדִ֑י וַיֹּ֨אמֶר לֹ֤ו יְהוָה֙ עֲלֵ֔ה וּנְתַתִּ֖ים בְּיָדֶֽךָ׃ ,הַאֶֽעֱלֶה֙ עַל־פְּלִשְׁתִּ֔ים 
8655,446655,Deuteronomy 15:21,יִהְיֶ֨ה ,Subj,וְכִֽי־יִהְיֶ֨ה בֹ֜ו מ֗וּם פִּסֵּ֨חַ֙ אֹ֣ו עִוֵּ֔ר כֹּ֖ל מ֣וּם רָ֑ע לֹ֣א תִזְבָּחֶ֔נּוּ לַיהוָ֖ה אֱלֹהֶֽיךָ׃ ,וְכִֽי־יִהְיֶ֨ה בֹ֜ו מ֗וּם פִּסֵּ֨חַ֙ אֹ֣ו עִוֵּ֔ר כֹּ֖ל מ֣וּם רָ֑ע 
8670,446732,Deuteronomy 16:21,תִטַּ֥ע ,Loca,לֹֽא־תִטַּ֥ע לְךָ֛ אֲשֵׁרָ֖ה כָּל־עֵ֑ץ אֵ֗צֶל מִזְבַּ֛ח יְהוָ֥ה אֱלֹהֶ֖יךָ אֲשֶׁ֥ר תַּעֲשֶׂה־לָּֽךְ׃ ס ,לֹֽא־תִטַּ֥ע לְךָ֛ אֲשֵׁרָ֖ה כָּל־עֵ֑ץ אֵ֗צֶל מִזְבַּ֛ח יְהוָ֥ה אֱלֹהֶ֖יךָ 
19361,513282,2_Chronicles 11:17,יְחַזְּקוּ֙ ,Objc,וַֽיְחַזְּקוּ֙ אֶת־מַלְכ֣וּת יְהוּדָ֔ה וַֽיְאַמְּצ֛וּ אֶת־רְחַבְעָ֥ם בֶּן־שְׁלֹמֹ֖ה לְשָׁנִ֣ים שָׁלֹ֑ושׁ כִּ֣י הָֽלְכ֗וּ בְּדֶ֧רֶךְ דָּוִ֛יד וּשְׁלֹמֹ֖ה לְשָׁנִ֥ים שָׁלֹֽושׁ׃ ,וַֽיְחַזְּקוּ֙ אֶת־מַלְכ֣וּת יְהוּדָ֔ה 
14269,475721,Jeremiah 16:10,תַגִּיד֙ ,Objc,וְהָיָ֗ה כִּ֤י תַגִּיד֙ לָעָ֣ם הַזֶּ֔ה אֵ֥ת כָּל־הַדְּבָרִ֖ים הָאֵ֑לֶּה וְאָמְר֣וּ אֵלֶ֗יךָ עַל־מֶה֩ דִבֶּ֨ר יְהוָ֤ה עָלֵ֨ינוּ֙ אֵ֣ת כָּל־הָרָעָ֤ה הַגְּדֹולָה֙ הַזֹּ֔את וּמֶ֤ה עֲוֹנֵ֨נוּ֙ וּמֶ֣ה חַטָּאתֵ֔נוּ אֲשֶׁ֥ר חָטָ֖אנוּ לַֽיהוָ֥ה אֱלֹהֵֽינוּ׃ ,כִּ֤י תַגִּיד֙ לָעָ֣ם הַזֶּ֔ה אֵ֥ת כָּל־הַדְּבָרִ֖ים הָאֵ֑לֶּה 
13674,470251,Isaiah 29:8,יַחֲלֹ֨ם ,Subj,וְהָיָ֡ה כַּאֲשֶׁר֩ יַחֲלֹ֨ם הָרָעֵ֜ב וְהִנֵּ֣ה אֹוכֵ֗ל וְהֵקִיץ֮ וְרֵיקָ֣ה נַפְשֹׁו֒ וְכַאֲשֶׁ֨ר יַחֲלֹ֤ם הַצָּמֵא֙ וְהִנֵּ֣ה שֹׁתֶ֔ה וְהֵקִיץ֙ וְהִנֵּ֣ה עָיֵ֔ף וְנַפְשֹׁ֖ו שֹׁוקֵקָ֑ה כֵּ֣ן יִֽהְיֶ֗ה הֲמֹון֙ כָּל־הַגֹּויִ֔ם הַצֹּבְאִ֖ים עַל־הַ֥ר צִיֹּֽון׃ ס ,כַּאֲשֶׁר֩ יַחֲלֹ֨ם הָרָעֵ֜ב 
8228,444468,Numbers 32:29,נְתַתֶּ֥ם ,Cmpl,וַיֹּ֨אמֶר מֹשֶׁ֜ה אֲלֵהֶ֗ם אִם־יַעַבְר֣וּ בְנֵי־גָ֣ד וּבְנֵי־רְאוּבֵ֣ן׀ אִ֠תְּכֶם אֶֽת־הַיַּרְדֵּ֞ן כָּל־חָל֤וּץ לַמִּלְחָמָה֙ לִפְנֵ֣י יְהוָ֔ה וְנִכְבְּשָׁ֥ה הָאָ֖רֶץ לִפְנֵיכֶ֑ם וּנְתַתֶּ֥ם לָהֶ֛ם אֶת־אֶ֥רֶץ הַגִּלְעָ֖ד לַאֲחֻזָּֽה׃ ,וּנְתַתֶּ֥ם לָהֶ֛ם אֶת־אֶ֥רֶץ הַגִּלְעָ֖ד לַאֲחֻזָּֽה׃ 
14540,477307,Jeremiah 31:10,שְׁמָרֹ֖ו ,Adju,שִׁמְע֤וּ דְבַר־יְהוָה֙ גֹּויִ֔ם וְהַגִּ֥ידוּ בָאִיִּ֖ים מִמֶּרְחָ֑ק וְאִמְר֗וּ מְזָרֵ֤ה יִשְׂרָאֵל֙ יְקַבְּצֶ֔נּוּ וּשְׁמָרֹ֖ו כְּרֹעֶ֥ה עֶדְרֹֽו׃ ,וּשְׁמָרֹ֖ו כְּרֹעֶ֥ה עֶדְרֹֽו׃ 
12771,465473,2_Kings 5:14,יָּ֣שָׁב ,Adju,וַיֵּ֗רֶד וַיִּטְבֹּ֤ל בַּיַּרְדֵּן֙ שֶׁ֣בַע פְּעָמִ֔ים כִּדְבַ֖ר אִ֣ישׁ הָאֱלֹהִ֑ים וַיָּ֣שָׁב בְּשָׂרֹ֗ו כִּבְשַׂ֛ר נַ֥עַר קָטֹ֖ן וַיִּטְהָֽר׃ ,וַיָּ֣שָׁב בְּשָׂרֹ֗ו כִּבְשַׂ֛ר נַ֥עַר קָטֹ֖ן 
9566,450774,Joshua 22:13,יִּשְׁלְח֨וּ ,Objc,וַיִּשְׁלְח֨וּ בְנֵֽי־יִשְׂרָאֵ֜ל אֶל־בְּנֵי־רְאוּבֵ֧ן וְאֶל־בְּנֵי־גָ֛ד וְאֶל־חֲצִ֥י שֵֽׁבֶט־מְנַשֶּׁ֖ה אֶל־אֶ֣רֶץ הַגִּלְעָ֑ד אֶת־פִּינְחָ֖ס בֶּן־אֶלְעָזָ֥ר הַכֹּהֵֽן׃ ,וַיִּשְׁלְח֨וּ בְנֵֽי־יִשְׂרָאֵ֜ל אֶל־בְּנֵי־רְאוּבֵ֧ן וְאֶל־בְּנֵי־גָ֛ד וְאֶל־חֲצִ֥י שֵֽׁבֶט־מְנַשֶּׁ֖ה אֶל־אֶ֣רֶץ הַגִּלְעָ֑ד אֶת־פִּינְחָ֖ס בֶּן־אֶלְעָזָ֥ר הַכֹּהֵֽן׃ 
16925,493017,Psalms 59:9,תִּ֝לְעַ֗ג ,Cmpl,וְאַתָּ֣ה יְ֭הוָה תִּשְׂחַק־לָ֑מֹו תִּ֝לְעַ֗ג לְכָל־גֹּויִֽם׃ ,תִּ֝לְעַ֗ג לְכָל־גֹּויִֽם׃ 
17032,493838,Psalms 74:10,יְנָ֘אֵ֤ץ ,Adju,עַד־מָתַ֣י אֱ֭לֹהִים יְחָ֣רֶף צָ֑ר יְנָ֘אֵ֤ץ אֹויֵ֖ב שִׁמְךָ֣ לָנֶֽצַח׃ ,יְנָ֘אֵ֤ץ אֹויֵ֖ב שִׁמְךָ֣ לָנֶֽצַח׃ 
16484,489509,Zechariah 8:23,אָמַר֮ ,Subj,כֹּ֥ה אָמַר֮ יְהוָ֣ה צְבָאֹות֒ בַּיָּמִ֣ים הָהֵ֔מָּה אֲשֶׁ֤ר יַחֲזִ֨יקוּ֙ עֲשָׂרָ֣ה אֲנָשִׁ֔ים מִכֹּ֖ל לְשֹׁנֹ֣ות הַגֹּויִ֑ם וְֽהֶחֱזִ֡יקוּ בִּכְנַף֩ אִ֨ישׁ יְהוּדִ֜י לֵאמֹ֗ר נֵֽלְכָה֙ עִמָּכֶ֔ם כִּ֥י שָׁמַ֖עְנוּ אֱלֹהִ֥ים עִמָּכֶֽם׃ ס ,כֹּ֥ה אָמַר֮ יְהוָ֣ה צְבָאֹות֒ 
5946,433941,Exodus 4:20,יַּרְכִּבֵם֙ ,Cmpl,וַיִּקַּ֨ח מֹשֶׁ֜ה אֶת־אִשְׁתֹּ֣ו וְאֶת־בָּנָ֗יו וַיַּרְכִּבֵם֙ עַֽל־הַחֲמֹ֔ר וַיָּ֖שָׁב אַ֣רְצָה מִצְרָ֑יִם וַיִּקַּ֥ח מֹשֶׁ֛ה אֶת־מַטֵּ֥ה הָאֱלֹהִ֖ים בְּיָדֹֽו׃ ,וַיַּרְכִּבֵם֙ עַֽל־הַחֲמֹ֔ר 
12340,463204,1_Kings 14:2,יֹּ֨אמֶר ,Cmpl,וַיֹּ֨אמֶר יָרָבְעָ֜ם לְאִשְׁתֹּ֗ו ק֤וּמִי נָא֙ וְהִשְׁתַּנִּ֔ית וְלֹ֣א יֵֽדְע֔וּ כִּי־אַ֖תְּ אֵ֣שֶׁת יָרָבְעָ֑ם וְהָלַ֣כְתְּ שִׁלֹ֗ה הִנֵּה־שָׁם֙ אֲחִיָּ֣ה הַנָּבִ֔יא הֽוּא־דִבֶּ֥ר עָלַ֛י לְמֶ֖לֶךְ עַל־הָעָ֥ם הַזֶּֽה׃ ,וַיֹּ֨אמֶר יָרָבְעָ֜ם לְאִשְׁתֹּ֗ו 
17108,494252,Psalms 80:7,תְּשִׂימֵ֣נוּ ,Cmpl,תְּשִׂימֵ֣נוּ מָ֭דֹון לִשְׁכֵנֵ֑ינוּ וְ֝אֹיְבֵ֗ינוּ יִלְעֲגוּ־לָֽמֹו׃ ,תְּשִׂימֵ֣נוּ מָ֭דֹון לִשְׁכֵנֵ֑ינוּ 
